"event_id","R0","k","at_hub","route","spill_lat","spill_lon","hub_id","hub_dist_km","travel_time","n_swath_cells","n_hub_cells"
1,0.0805110936934048,0.704060876406567,FALSE,"nonspatial_sub",3.12500000000003,34.1249999999999,3,59.1945442039484,158.899993896484,44,6
2,0.318188194960048,0.361851189658474,FALSE,"nonspatial_sub",1.20833333333336,31.9583333333333,13,49.8112467478035,170.869995117188,48,15
3,0,0.438156336702848,FALSE,"single_case",0.208333333333361,30.6249999999999,20,52.3257288549261,143.809997558594,56,10
4,0.0712067378586594,0.392118572515087,FALSE,"nonspatial_sub",-0.291666666666639,30.8749999999999,27,33.3512163366665,105.309997558594,36,11
5,0,0.556387712472976,FALSE,"single_case",2.37500000000003,34.7083333333333,12,58.4569110074623,167.800003051758,46,5
6,0,1.74163071856887,FALSE,"single_case",1.87500000000003,32.4583333333333,13,29.2369734845831,121.910003662109,36,11
7,0.376834188699991,0.995070433276463,FALSE,"nonspatial_sub",1.62500000000003,33.7916666666666,11,13.0788452722716,39.0299987792969,44,23
8,0,0.997294562438443,FALSE,"single_case",3.70833333333336,34.3749999999999,3,55.3837953139787,280.959991455078,45,6
9,0,0.258059213457953,FALSE,"single_case",3.04166666666669,31.3749999999999,4,36.9478748038209,86.5100021362305,57,23
10,1.42372158140843,0.504233658792905,FALSE,"spatial",1.70833333333336,34.9583333333333,16,92.4736897638774,195.100006103516,71,23
11,0,0.184046122159649,FALSE,"single_case",1.62500000000003,32.9583333333333,9,55.5,162.039993286133,49,13
12,0.0867589867480082,0.484709181239208,FALSE,"nonspatial_sub",1.62500000000003,34.7916666666666,16,72.2276641711272,223.529998779297,68,23
13,0.123674556315095,0.206051634842096,TRUE,"nonspatial_sub",3.62500000000003,31.7083333333333,1,0,11.2700004577637,NA,NA
14,0,2.81969842551304,TRUE,"single_case",0.875000000000028,34.3749999999999,16,0,19.2800006866455,NA,NA
15,0,0.357576667498195,FALSE,"single_case",-0.708333333333305,30.0416666666666,29,49.8122494373631,114.199996948242,46,10
16,0.31724019566802,1.36725223546609,TRUE,"nonspatial_sub",3.12500000000003,30.8749999999999,4,0,19.4099998474121,NA,NA
17,0.0884703202062062,0.861538603974648,FALSE,"nonspatial_sub",2.45833333333336,34.7916666666666,12,70.3911325291469,197.490005493164,53,5
18,0,0.56561238194667,FALSE,"single_case",3.70833333333336,34.2083333333333,3,36.9225302093194,103.410003662109,42,6
19,0,0.157488162782183,TRUE,"single_case",0.541666666666695,33.6249999999999,16,0,20.5599994659424,NA,NA
20,0,0.748830495478825,TRUE,"single_case",1.04166666666669,33.9583333333333,16,0,27.4400005340576,NA,NA
21,0.189396314698361,1.09260157575697,FALSE,"nonspatial_sub",1.29166666666669,33.2916666666666,19,37,102.519996643066,57,21
22,0,0.460122620168291,FALSE,"single_case",-0.124999999999972,31.2916666666666,26,39.2443796584938,117.800003051758,48,8
23,0.854989312331776,0.217713114611724,FALSE,"nonspatial_sub",1.20833333333336,32.0416666666666,13,53.933130409645,169.070007324219,50,15
24,0.960291122813122,0.627976189218866,FALSE,"nonspatial_sub",-0.291666666666639,31.0416666666666,27,46.2496164799295,108.779998779297,42,11
25,0,1.67093387203541,FALSE,"single_case",-1.2083333333333,29.6249999999999,29,27.7438291478259,102.419998168945,32,10
26,0,1.71094561642795,FALSE,"single_case",2.20833333333336,33.0416666666666,9,9.24313023368889,31.4400005340576,32,13
27,0,0.237634137292933,TRUE,"single_case",0.625000000000028,31.4583333333333,22,0,28.7099990844727,NA,NA
28,0.475515021616675,0.287821715553297,FALSE,"nonspatial_sub",-0.458333333333305,30.4583333333333,27,13.0812661811815,65.6600036621094,33,9
29,0,0.0660199106525635,FALSE,"single_case",3.04166666666669,32.4583333333333,7,20.6778043027404,64.2600021362305,30,11
30,0.0325219640818031,0.634252801425955,FALSE,"single_case",0.875000000000028,32.9583333333333,19,20.6816992950754,75.9800033569336,37,16
31,0.281177569719193,0.325294644825287,FALSE,"nonspatial_sub",0.375000000000028,30.7916666666666,17,55.5,199.5,56,5
32,1.0765430770715,1.90452857038641,TRUE,"nonspatial_hub",1.79166666666669,33.5416666666666,11,0,15.6300001144409,NA,NA
33,0,1.25224922314708,FALSE,"single_case",1.37500000000003,31.7916666666666,13,27.75,119.25,47,15
34,0,0.466969675273004,TRUE,"single_case",-1.29166666666664,29.9583333333333,29,0,9.34000015258789,NA,NA
35,0,2.30307661514163,FALSE,"single_case",1.54166666666669,34.7916666666666,16,66.6859839235883,189.809997558594,64,23
36,0.796013797749355,0.338043171853961,FALSE,"nonspatial_sub",0.125000000000028,31.0416666666666,22,46.2499603759831,126.48999786377,41,7
37,0,0.360256926018856,FALSE,"single_case",-0.958333333333305,31.2916666666666,28,33.3481196810424,80.5400009155273,31,7
38,0,0.765659279698867,FALSE,"single_case",0.0416666666666954,31.1249999999999,22,49.8127726492034,120.300003051758,43,7
39,0.238603387205688,1.66611966946648,FALSE,"nonspatial_sub",0.958333333333361,33.0416666666666,19,9.24870613329863,48.8199996948242,41,16
40,0,1.27575419004704,FALSE,"single_case",-0.958333333333305,31.0416666666666,28,18.5,65.5500030517578,30,7
41,0,2.02540982562553,FALSE,"single_case",0.958333333333361,32.8749999999999,19,27.7461183998975,103.099998474121,51,16
42,0,0.851773718288011,FALSE,"single_case",-0.958333333333305,31.2083333333333,28,26.1611211640577,74.6800003051758,35,7
43,0,0.636549250993079,TRUE,"single_case",0.958333333333361,33.2916666666666,19,0,16.7299995422363,NA,NA
44,0.0117501582005927,0.717105557696821,FALSE,"single_case",0.375000000000028,32.2083333333333,16,18.4996037607861,46.4199981689453,52,31
45,0,0.721504610856637,FALSE,"single_case",0.708333333333361,32.0416666666666,16,46.2477380640428,85.5,59,30
46,0.322770789478186,0.690542656064746,TRUE,"nonspatial_sub",-0.541666666666639,30.5416666666666,27,0,29.9200000762939,NA,NA
47,0.597219377048507,1.34171115567466,FALSE,"nonspatial_sub",0.125000000000028,31.8749999999999,26,41.3672378944174,123.879997253418,37,8
48,0,1.09713607887655,FALSE,"single_case",2.29166666666669,33.0416666666666,9,9.24260204867706,33.0900001525879,30,13
49,0.316950867682286,1.07020367591494,TRUE,"nonspatial_sub",0.791666666666694,34.1249999999999,16,0,25.7199993133545,NA,NA
50,0,1.37514720823033,FALSE,"single_case",2.12500000000003,34.8749999999999,12,73.949110926382,238.770004272461,63,5
51,0,1.64972554675034,FALSE,"single_case",1.12500000000003,34.3749999999999,16,9.25000000000002,68.6600036621094,44,25
52,0,0.436441220424867,FALSE,"single_case",0.708333333333361,31.6249999999999,22,20.6823643235023,82.6100006103516,28,7
53,0,0.7098826524737,FALSE,"single_case",1.37500000000003,34.4583333333333,16,26.1591844318063,76.6699981689453,54,23
54,0.362374251923038,0.93805056116689,FALSE,"nonspatial_sub",1.70833333333336,32.2916666666666,13,26.1571372890676,86.6399993896484,43,14
55,0,0.42451250353581,FALSE,"single_case",3.37500000000003,33.9583333333333,3,26.1402723722694,167.419998168945,39,6
56,0.50353887670566,1.15613423679126,FALSE,"nonspatial_sub",2.37500000000003,34.8749999999999,12,76.2157880352807,195.490005493164,52,5
57,0,0.741997231138625,FALSE,"single_case",1.29166666666669,32.4583333333333,13,65.3990677309712,115.309997558594,68,16
58,0,1.32251446309775,FALSE,"single_case",2.04166666666669,32.7083333333333,9,13.0773239404597,53.2299995422363,37,13
59,0,0.497888936180696,FALSE,"single_case",1.62500000000003,32.8749999999999,9,55.5,172.169998168945,49,13
60,0,0.540762394433478,FALSE,"single_case",0.958333333333361,31.7916666666666,22,52.3222423281151,141.940002441406,54,7
61,0,0.290619715642261,FALSE,"single_case",1.29166666666669,32.7083333333333,19,59.2197227288355,174.419998168945,54,16
62,0.186405198609019,0.324380850112501,TRUE,"nonspatial_sub",0.541666666666695,33.7083333333333,16,0,14.0699996948242,NA,NA
63,1.44484358000843,2.71237536724076,FALSE,"spatial",3.04166666666669,34.0416666666666,3,62.033412908221,159.779998779297,44,6
64,0,0.8320392698958,FALSE,"single_case",2.04166666666669,33.0416666666666,9,13.0773239404597,57.2099990844727,36,13
65,0.527555753975353,1.16863661297962,FALSE,"nonspatial_sub",1.04166666666669,30.2916666666666,20,37,125.5,41,8
66,0,1.36493298614822,TRUE,"single_case",3.54166666666669,31.7083333333333,1,0,28.5,NA,NA
67,0,0.921694975271081,FALSE,"single_case",1.37500000000003,31.7083333333333,13,27.75,109.550003051758,48,15
68,0.0675304191181372,0.441564735187475,FALSE,"nonspatial_sub",-0.708333333333305,31.2083333333333,28,20.6823643235026,85.75,31,7
69,0,0.314107056784681,FALSE,"single_case",1.29166666666669,31.9583333333333,13,41.3651555008903,136.860000610352,43,15
70,0,0.578512294612173,FALSE,"single_case",-0.208333333333305,31.3749999999999,26,26.1628644274631,75.1699981689453,41,8
71,0,0.629902573747772,FALSE,"single_case",2.12500000000003,32.5416666666666,9,27.7309165973934,79.2600021362305,44,13
72,0,0.6723999107424,FALSE,"single_case",2.12500000000003,34.7916666666666,12,64.705472060584,214.759994506836,63,5
73,0,2.43376467510931,FALSE,"single_case",-0.874999999999972,30.4583333333333,27,20.6831464345486,85.6500015258789,29,10
74,0,2.25644646130191,FALSE,"single_case",0.708333333333361,31.5416666666666,22,13.0809756326705,55.5499992370605,33,7
75,0,2.35552919236543,FALSE,"single_case",1.62500000000003,33.3749999999999,11,18.4925599802763,77.0299987792969,42,16
76,1.57446848162456,0.268744689062085,FALSE,"spatial",2.87500000000003,34.1249999999999,12,74.5744409762582,205.529998779297,59,5
77,0,0.666791661715422,FALSE,"single_case",1.12500000000003,32.4583333333333,16,56.2652603051535,103.400001525879,70,29
78,0,0.445920425928566,FALSE,"single_case",1.79166666666669,33.3749999999999,11,18.4909556886175,51.8400001525879,46,24
79,0,1.38905717549807,FALSE,"single_case",1.45833333333336,32.4583333333333,13,53.9234598957021,144.669998168945,50,16
80,0,0.318742786345059,FALSE,"single_case",1.12500000000003,30.2916666666666,20,46.25,172.960006713867,41,8
81,0,1.39386563596927,FALSE,"single_case",1.37500000000003,31.2083333333333,14,29.250226196293,82.9100036621094,29,6
82,0,0.870633694988182,TRUE,"single_case",0.291666666666695,32.5416666666666,16,0,0,NA,NA
83,0,0.563596173413867,FALSE,"single_case",1.37500000000003,33.5416666666666,11,27.75,106.650001525879,48,16
84,0,0.346954735552639,FALSE,"single_case",1.37500000000003,32.5416666666666,13,66.6894022407993,157.009994506836,54,16
85,1.2730020374516,1.12468744457188,FALSE,"spatial",2.12500000000003,33.0416666666666,9,9.24363886579805,41.5499992370605,34,13
86,0,0.508270250307471,FALSE,"single_case",1.20833333333336,33.2916666666666,19,27.75,81.4599990844727,53,21
87,0,0.921112776274071,FALSE,"single_case",1.37500000000003,33.7083333333333,15,27.7420095308322,80.9499969482422,54,18
88,0,0.799630339831549,FALSE,"single_case",2.29166666666669,34.8749999999999,12,74.5171579458923,239.279998779297,56,5
89,0,1.09492299195468,TRUE,"single_case",1.79166666666669,33.6249999999999,11,0,9.61999988555908,NA,NA
90,0,2.68809064386932,FALSE,"single_case",1.70833333333336,34.9583333333333,16,92.4736897638774,195.100006103516,71,23
91,0,0.536657195719168,FALSE,"single_case",0.125000000000028,30.4583333333333,23,38.1386416125867,101.809997558594,43,14
92,0,0.270598814311383,FALSE,"single_case",3.12500000000003,34.1249999999999,3,59.1945442039484,158.899993896484,44,6
93,0,0.213603251727108,FALSE,"single_case",1.62500000000003,32.9583333333333,9,55.5,162.039993286133,49,13
94,0.806473654905469,0.242942475590839,TRUE,"nonspatial_sub",-1.4583333333333,30.0416666666666,29,0,18.6800003051758,NA,NA
95,0.0407977605748945,1.36017475772324,FALSE,"single_case",2.54166666666669,32.4583333333333,7,20.6673521552501,53.1699981689453,31,11
96,0.151504429527854,1.27560165789298,TRUE,"nonspatial_sub",3.29166666666669,31.7083333333333,1,0,21.5799999237061,NA,NA
97,0,0.999555171578752,FALSE,"single_case",3.70833333333336,31.6249999999999,1,9.23063255233005,37.3800010681152,33,20
98,0,1.80582096045449,FALSE,"single_case",0.708333333333361,31.7083333333333,22,26.1619512653413,106.360000610352,40,7
99,0.643163555737526,0.223255117029348,FALSE,"nonspatial_sub",2.62500000000003,34.7916666666666,12,79.516230722616,152.779998779297,54,5
100,0,1.31964973643879,FALSE,"single_case",0.375000000000028,31.6249999999999,22,20.6835401908504,80.2799987792969,28,7
101,0,1.67890252396021,FALSE,"single_case",0.375000000000028,33.8749999999999,24,9.24999999999997,44.1699981689453,35,23
102,0,1.65719401830377,FALSE,"single_case",1.79166666666669,34.5416666666666,12,52.3131127836383,146.570007324219,56,5
103,0,0.640799027238989,FALSE,"single_case",1.95833333333336,34.7916666666666,12,67.3046546240117,229.339996337891,51,5
104,0,0.87538870607564,FALSE,"single_case",-0.458333333333305,31.1249999999999,28,38.1386552581881,85.2300033569336,39,7
105,0.316160148339185,1.60688527137054,FALSE,"nonspatial_sub",2.54166666666669,32.6249999999999,9,29.2251711114843,81.75,40,16
106,0.455500693430842,2.34736757585143,FALSE,"nonspatial_sub",1.62500000000003,33.7083333333333,11,9.24627999013854,44.5800018310547,40,18
107,5.74046061896658,1.07077859594938,FALSE,"spatial",-0.791666666666638,30.7916666666666,27,13.0808511151729,42.0299987792969,32,11
108,0.112362031840044,1.43516057678118,FALSE,"nonspatial_sub",2.79166666666669,31.2916666666666,4,38.0961291535969,95.0400009155273,41,15
109,0,1.33189760817218,FALSE,"single_case",1.45833333333336,33.4583333333333,11,20.6822890678214,58.2299995422363,35,16
110,0,0.521565174037579,FALSE,"single_case",1.45833333333336,34.7916666666666,16,62.0348081246144,183.089996337891,59,23
111,0,2.28115583352185,FALSE,"single_case",3.45833333333336,31.3749999999999,4,9.233155104693,48.9700012207031,45,20
112,0.0237585469362173,0.683114653133773,FALSE,"single_case",1.37500000000003,31.2916666666666,14,27.75,68.2300033569336,37,6
113,0.416637609323434,0.585506446262721,FALSE,"nonspatial_sub",0.208333333333361,30.4583333333333,23,36.9997554072891,92.5,53,14
114,0,1.46608585635038,FALSE,"single_case",1.87500000000003,33.1249999999999,9,33.3458559380202,84.3300018310547,38,13
115,0,1.05245373586619,FALSE,"single_case",-1.04166666666664,30.5416666666666,27,37,129.110000610352,37,10
116,0,0.595773836729747,FALSE,"single_case",-0.874999999999972,31.0416666666666,28,9.25000000000007,33.0800018310547,30,7
117,0,0.98364304278206,TRUE,"single_case",0.541666666666695,31.5416666666666,22,0,29.9799995422363,NA,NA
118,0,1.53586543666051,TRUE,"single_case",0.875000000000028,30.7916666666666,17,0,24.2900009155273,NA,NA
119,0,1.33396476422514,FALSE,"single_case",1.87500000000003,33.2916666666666,11,29.2369734845831,64.3300018310547,45,24
120,0.131455220507414,0.524030885296103,FALSE,"nonspatial_sub",1.37500000000003,31.7916666666666,13,27.75,119.25,47,15
121,0,0.864973025423932,FALSE,"single_case",1.20833333333336,34.3749999999999,16,9.24794304927555,61.1199989318848,45,23
122,0,0.817429480395194,FALSE,"single_case",0.875000000000028,34.0416666666666,16,9.25000000000002,34.2200012207031,49,34
123,0,1.44448531168563,FALSE,"single_case",1.45833333333336,33.7916666666666,15,18.4940077954933,44.4700012207031,48,17
124,0,1.27383216251932,TRUE,"single_case",1.87500000000003,31.9583333333333,13,0,27.9799995422363,NA,NA
125,0.512362169976006,0.535815734069014,FALSE,"nonspatial_sub",1.04166666666669,33.7083333333333,16,27.7454140079392,76.0500030517578,59,28
126,0,1.33240461196719,FALSE,"single_case",2.29166666666669,31.2916666666666,10,27.7278061460304,124.319999694824,27,1
127,0.113173360421371,1.23627154052728,FALSE,"nonspatial_sub",1.62500000000003,34.7916666666666,16,72.2276641711272,223.529998779297,68,23
128,4.26522004185653,1.23033496344623,TRUE,"nonspatial_hub",3.37500000000003,30.9583333333333,4,0,12.3900003433228,NA,NA
129,0,1.62594083308569,FALSE,"single_case",0.375000000000028,33.5416666666666,16,13.0813353609835,57.9300003051758,55,39
130,0.258613665412295,1.31024109943983,FALSE,"nonspatial_sub",1.20833333333336,32.8749999999999,19,39.2400631470408,150.070007324219,56,16
131,0.169182813578875,0.558490802470724,TRUE,"nonspatial_sub",1.04166666666669,30.8749999999999,17,0,24.0400009155273,NA,NA
132,0,1.05889043587615,FALSE,"single_case",3.54166666666669,31.3749999999999,4,13.068989520528,49.7099990844727,46,20
133,0,1.01918109342606,FALSE,"single_case",1.45833333333336,34.7916666666666,16,62.0348081246144,183.089996337891,59,23
134,0.245738677537246,0.869798168887891,FALSE,"nonspatial_sub",0.791666666666694,33.0416666666666,16,18.5,55.560001373291,64,41
135,0.844596108521285,0.542016974394281,FALSE,"nonspatial_sub",0.541666666666695,30.1249999999999,20,9.24958664094186,131.199996948242,34,11
136,0,1.32901382567967,FALSE,"single_case",2.20833333333336,34.9583333333333,12,83.1881721031977,172.860000610352,63,5
137,0.337171282159235,0.970927264768179,FALSE,"nonspatial_sub",0.875000000000028,33.8749999999999,16,13.0807127647154,53.2299995422363,60,36
138,0,1.09479298735235,FALSE,"single_case",0.458333333333361,31.6249999999999,22,13.0812661811814,46.2999992370605,33,7
139,0.042650644602682,1.33805075419868,FALSE,"single_case",-0.541666666666639,31.7083333333333,26,18.5,50.9500007629395,31,8
140,0,0.811359198450275,FALSE,"single_case",-0.708333333333305,30.7916666666666,27,9.24929313528983,44.3800010681152,31,11
141,0,1.62229064000352,FALSE,"single_case",0.125000000000028,31.3749999999999,22,38.1387216979454,152.910003662109,37,7
142,0,1.54699640366394,FALSE,"single_case",-0.208333333333305,30.4583333333333,25,36.9997554072891,97.9400024414062,51,8
143,0,0.803597999425351,FALSE,"single_case",0.458333333333361,33.8749999999999,16,9.24970404407231,35.5099983215332,49,34
144,0.298341126993015,0.54412491126593,TRUE,"nonspatial_sub",3.45833333333336,31.2083333333333,4,0,8.68000030517578,NA,NA
145,0.747005894389489,0.618494671749272,FALSE,"nonspatial_sub",1.29166666666669,34.3749999999999,16,13.0798135461945,56.2299995422363,47,23
146,0.314370293605469,1.23930781400401,FALSE,"nonspatial_sub",-0.958333333333305,29.7083333333333,29,26.1611211640577,121.769996643066,40,10
147,0,0.547454988411828,FALSE,"single_case",1.87500000000003,32.7916666666666,9,27.75,98.120002746582,43,13
148,0.724780640752523,1.74500366433095,FALSE,"nonspatial_sub",0.125000000000028,31.4583333333333,22,41.3672378944176,162.690002441406,38,7
149,0,1.2594319899074,FALSE,"single_case",1.37500000000003,31.9583333333333,13,33.3483947160465,124.949996948242,40,15
150,0,1.43485271894548,FALSE,"single_case",0.958333333333361,31.7916666666666,22,52.3222423281151,141.940002441406,54,7
151,0.251643982877643,0.733840477780622,TRUE,"nonspatial_sub",0.625000000000028,33.7916666666666,16,0,24.3700008392334,NA,NA
152,0,1.49742951904017,FALSE,"single_case",-0.0416666666666385,31.3749999999999,26,39.2444211672533,103.580001831055,46,8
153,0.279867890503969,0.94808036193332,FALSE,"nonspatial_sub",0.291666666666695,32.2083333333333,16,18.4997602993967,50.7200012207031,51,30
154,0,0.227041167360012,TRUE,"single_case",3.04166666666669,30.8749999999999,4,0,6.67000007629395,NA,NA
155,0,0.853196487577434,FALSE,"single_case",-0.458333333333305,31.7083333333333,26,9.24999999999997,30.1900005340576,28,8
156,0.535192146087339,0.538884502127079,FALSE,"nonspatial_sub",3.29166666666669,33.9583333333333,3,33.3344285790373,190.830001831055,32,6
157,0,0.744205891146943,FALSE,"single_case",2.37500000000003,31.1249999999999,10,13.075858209071,100.910003662109,21,1
158,0,0.600420333693061,FALSE,"single_case",1.12500000000003,31.5416666666666,13,56.2652603051533,121.26000213623,57,14
159,0,0.420309566829404,FALSE,"single_case",0.291666666666695,31.4583333333333,22,26.1627814105295,113.169998168945,41,7
160,0,0.565392791964117,FALSE,"single_case",0.125000000000028,31.2916666666666,22,37,165.059997558594,46,7
161,0.987636622186733,0.310236907059297,FALSE,"nonspatial_sub",1.79166666666669,33.1249999999999,9,41.3632136357708,98.3899993896484,41,13
162,0,0.44491867891845,FALSE,"single_case",-0.958333333333305,31.1249999999999,28,20.6830501894697,76.3399963378906,25,7
163,0,0.280317111148027,FALSE,"single_case",1.62500000000003,31.2083333333333,14,9.24627999013815,78.3399963378906,24,6
164,0,0.750235060675608,FALSE,"single_case",0.958333333333361,32.4583333333333,16,38.138413248851,79.9100036621094,57,29
165,0,1.5857731003795,FALSE,"single_case",-0.458333333333305,30.8749999999999,27,20.6830993715082,58.2999992370605,30,11
166,0,0.601773350919648,FALSE,"single_case",2.62500000000003,31.2083333333333,4,39.223841805976,100.389999389648,49,15
167,0,0.736313567717467,FALSE,"single_case",1.20833333333336,34.3749999999999,16,9.24794304927555,61.1199989318848,45,23
168,0,0.655304461122481,FALSE,"single_case",0.791666666666694,33.0416666666666,16,18.5,55.560001373291,64,41
169,0,2.32483289660766,FALSE,"single_case",1.54166666666669,33.9583333333333,15,9.25000000000002,32.1699981689453,44,17
170,0,1.53915664086573,FALSE,"single_case",1.37500000000003,31.9583333333333,13,33.3483947160465,124.949996948242,40,15
171,0.0672292134496905,0.440584523979424,TRUE,"nonspatial_sub",0.875000000000028,33.2083333333333,19,0,21.7600002288818,NA,NA
172,0,0.462590516272123,FALSE,"single_case",1.29166666666669,33.7916666666666,15,20.6794243056437,85.1399993896484,41,18
173,0,0.796601110095913,FALSE,"single_case",1.62500000000003,32.7916666666666,9,55.5,186.570007324219,50,13
174,0,1.87964064367349,FALSE,"single_case",0.291666666666695,30.4583333333333,20,33.3512163366668,72.9000015258789,36,10
175,0,1.44431058413034,TRUE,"single_case",0.458333333333361,33.2083333333333,16,0,1.53999996185303,NA,NA
176,0,0.776578811551776,FALSE,"single_case",-0.791666666666638,31.5416666666666,26,46.2499999999999,84.4899978637695,52,8
177,0.288183504271859,0.802842097048982,FALSE,"nonspatial_sub",2.70833333333336,33.3749999999999,8,9.23966787063146,32.5299987792969,33,9
178,0,0.422627284176932,FALSE,"single_case",1.45833333333336,34.7916666666666,16,62.0348081246144,183.089996337891,59,23
179,0.275511083192101,0.596310921913232,FALSE,"nonspatial_sub",1.79166666666669,33.2916666666666,11,27.7364335329266,67.7600021362305,51,24
180,0.12067218934696,1.3540749629932,FALSE,"nonspatial_sub",2.37500000000003,32.4583333333333,7,33.3425369702865,71.2699966430664,37,11
181,0.0867084413272015,1.09060554243804,FALSE,"nonspatial_sub",-0.958333333333305,29.9583333333333,29,20.6830501894697,75.5,32,10
182,0.140738580412435,1.99040322033043,FALSE,"nonspatial_sub",1.95833333333336,34.5416666666666,12,41.3479300236813,147.929992675781,38,5
183,0,0.608796990260517,FALSE,"single_case",1.12500000000003,33.5416666666666,19,33.3468987292681,114.220001220703,48,21
184,0,1.78547341762517,FALSE,"single_case",0.208333333333361,30.8749999999999,22,53.9360428568995,164.820007324219,45,7
185,0.606649830243528,0.656261727809305,FALSE,"nonspatial_sub",1.04166666666669,30.3749999999999,20,37,189.339996337891,43,8
186,0.182034328466018,1.57129335785026,FALSE,"nonspatial_sub",1.20833333333336,33.9583333333333,16,13.0800210490132,56.8899993896484,42,25
187,0.116969954567364,1.51895870671834,FALSE,"nonspatial_sub",-0.791666666666638,30.7916666666666,27,13.0808511151729,42.0299987792969,32,11
188,0.364994417169511,0.927154249768378,FALSE,"nonspatial_sub",2.20833333333336,32.2916666666666,13,20.6805574517935,58.0200004577637,33,10
189,0,0.695079812357483,FALSE,"single_case",2.70833333333336,31.8749999999999,7,29.2216642448059,101.529998779297,35,11
190,0,0.506506521401083,TRUE,"single_case",2.29166666666669,32.9583333333333,9,0,11.6099996566772,NA,NA
191,0,0.4979922037558,FALSE,"single_case",0.708333333333361,31.2916666666666,22,13.0809756326705,61.3800010681152,32,7
192,0.068014804351025,0.831254263723242,FALSE,"nonspatial_sub",0.791666666666694,33.5416666666666,16,9.24999999999997,40.5299987792969,49,33
193,0,1.01302775278545,FALSE,"single_case",-0.458333333333305,31.8749999999999,26,13.0812661811814,102.279998779297,22,8
194,0,0.497049774190324,FALSE,"single_case",0.791666666666694,33.8749999999999,16,20.6832339322778,60.560001373291,59,41
195,0,1.26986562113668,FALSE,"single_case",3.37500000000003,34.3749999999999,3,66.6226279672883,279.369995117188,47,6
196,0,0.781662755374377,FALSE,"single_case",0.458333333333361,31.8749999999999,22,38.1375785603485,77.7200012207031,37,7
197,0,0.78172205878508,TRUE,"single_case",0.208333333333361,32.7916666666666,16,0,28.5400009155273,NA,NA
198,0,0.840461693296726,FALSE,"single_case",1.37500000000003,34.2083333333333,15,18.4946730205553,66.6100006103516,46,17
199,1.05240258572269,0.420280132605675,FALSE,"spatial",-0.958333333333305,30.2083333333333,29,29.2506592257358,69.5199966430664,34,10
200,0.167715312776408,0.856331295903593,FALSE,"nonspatial_sub",-0.291666666666639,31.2916666666666,26,29.2507272568405,87.3099975585938,33,8
201,0.376431860206332,0.919086651570426,TRUE,"nonspatial_sub",-1.2083333333333,29.9583333333333,29,0,9.69999980926514,NA,NA
202,0,1.95859522731678,TRUE,"single_case",-0.291666666666639,31.7916666666666,26,0,9.73999977111816,NA,NA
203,0.318935877799329,0.938318992749355,TRUE,"nonspatial_sub",3.45833333333336,30.9583333333333,4,0,15.8900003433228,NA,NA
204,0,0.432994611768792,TRUE,"single_case",1.12500000000003,34.2083333333333,16,0,8.42000007629395,NA,NA
205,0,0.694428546833946,FALSE,"single_case",2.54166666666669,32.9583333333333,9,9.25000000000002,39.7000007629395,41,18
206,0,1.18534392124015,FALSE,"single_case",2.04166666666669,34.0416666666666,11,18.4882558878563,45.2000007629395,50,25
207,0.299913371710723,0.36771871063408,FALSE,"nonspatial_sub",1.54166666666669,33.5416666666666,11,9.24999999999997,38.4000015258789,38,16
208,0,2.34532938246604,FALSE,"single_case",2.45833333333336,34.7083333333333,12,62.0052051624266,165.419998168945,47,5
209,0,1.08487069539117,TRUE,"single_case",1.04166666666669,34.0416666666666,16,0,16.1700000762939,NA,NA
210,0,0.574477326464929,FALSE,"single_case",1.29166666666669,34.0416666666666,15,9.25000000000002,32.560001373291,39,17
211,0,1.27169663371702,FALSE,"single_case",0.875000000000028,33.3749999999999,19,9.24892136592089,35.75,51,29
212,0,0.62152419196158,FALSE,"single_case",2.45833333333336,32.5416666666666,9,33.3301026372355,66.2900009155273,36,13
213,0,1.13046022791423,FALSE,"single_case",0.375000000000028,33.5416666666666,16,13.0813353609835,57.9300003051758,55,39
214,0,2.2122114926159,TRUE,"single_case",2.04166666666669,33.7083333333333,11,0,15.7700004577637,NA,NA
215,0,0.406933683261788,FALSE,"single_case",0.541666666666695,30.6249999999999,20,33.3503174985581,71.6800003051758,35,8
216,2.63079385488047,1.84840017061003,FALSE,"spatial",0.291666666666695,31.2083333333333,22,20.6835751934665,85.4499969482422,29,7
217,0,0.400923576938288,FALSE,"single_case",3.54166666666669,34.0416666666666,3,26.1379790410559,70.8499984741211,40,6
218,0,1.4322169138256,TRUE,"single_case",3.04166666666669,30.7916666666666,4,0,27.4200000762939,NA,NA
219,0,1.07446932438086,FALSE,"single_case",1.87500000000003,32.7916666666666,9,27.75,98.120002746582,43,13
220,0.1114291458996,1.08733491065481,FALSE,"nonspatial_sub",2.62500000000003,30.8749999999999,4,20.679289870733,70.0899963378906,30,14
221,0,1.58356841629374,FALSE,"single_case",1.87500000000003,34.9583333333333,12,87.7109204537492,184.940002441406,53,5
222,0,0.794067209806328,FALSE,"single_case",0.375000000000028,31.2916666666666,22,9.25000000000002,51,31,7
223,0,0.370304855131558,FALSE,"single_case",0.291666666666695,33.1249999999999,16,9.24988014969794,38.7599983215332,47,35
224,1.18600644921526,0.912345802322781,FALSE,"spatial",-0.0416666666666385,30.7916666666666,27,56.2655530031502,126.589996337891,51,11
225,0,0.432687616383742,FALSE,"single_case",1.70833333333336,33.9583333333333,11,27.7376660897776,69.0800018310547,53,23
226,0.311584415941158,0.320890378176242,FALSE,"nonspatial_sub",0.625000000000028,32.0416666666666,16,41.3652886794733,82.3399963378906,56,30
227,0,0.715435822019074,TRUE,"single_case",3.62500000000003,32.0416666666666,1,0,14.5500001907349,NA,NA
228,0,0.521659423217911,FALSE,"single_case",1.12500000000003,30.2916666666666,20,46.25,172.960006713867,41,8
229,0,1.08718489690781,FALSE,"single_case",1.12500000000003,32.9583333333333,19,26.1604294465264,113.949996948242,50,16
230,0,0.3722029760564,FALSE,"single_case",0.791666666666694,32.1249999999999,16,46.2471745553953,115.080001831055,60,31
231,0,0.975731468825328,FALSE,"single_case",2.62500000000003,33.2916666666666,8,9.24999999999997,32.2200012207031,33,9
232,0,0.92065810521616,TRUE,"single_case",3.54166666666669,31.7916666666666,1,0,14.5799999237061,NA,NA
233,0,1.39629460485523,FALSE,"single_case",2.20833333333336,31.2916666666666,10,29.23151738539,117.480003356934,17,1
234,0,0.802038090064997,FALSE,"single_case",-0.791666666666638,30.2916666666666,27,29.2485554015223,68.3000030517578,33,10
235,0.110116126928984,0.826861139830398,FALSE,"nonspatial_sub",3.62500000000003,33.5416666666666,3,18.4629858639918,117.069999694824,35,6
236,0.276238906852707,2.74761684652289,FALSE,"nonspatial_sub",0.208333333333361,34.0416666666666,24,18.4998777036443,38.0299987792969,29,19
237,0,1.44191032156181,FALSE,"single_case",-0.958333333333305,31.1249999999999,28,20.6830501894697,76.3399963378906,25,7
238,0.735027930426541,0.611725971999072,TRUE,"nonspatial_sub",0.375000000000028,32.9583333333333,16,0,4.73000001907349,NA,NA
239,0,1.28954009409122,TRUE,"single_case",0.958333333333361,33.9583333333333,16,0,29.4200000762939,NA,NA
240,0,1.07590313122921,FALSE,"single_case",1.12500000000003,31.3749999999999,14,55.5,138.800003051758,58,9
241,0,1.89620144376204,TRUE,"single_case",0.125000000000028,30.0416666666666,23,0,15.7399997711182,NA,NA
242,0,1.93013344708618,FALSE,"single_case",2.70833333333336,30.7916666666666,4,9.24999999999997,68.0599975585938,27,14
243,0,0.272459702111046,FALSE,"single_case",2.04166666666669,33.9583333333333,11,9.24412794392856,37.8400001525879,47,25
244,0,0.955302835751078,FALSE,"single_case",-0.458333333333305,30.7083333333333,27,9.25000000000007,34.2400016784668,32,11
245,0,0.694457365764711,FALSE,"single_case",-0.208333333333305,30.7083333333333,27,37.0000000000001,79.2399978637695,47,11
246,0,0.826442985536337,FALSE,"single_case",2.95833333333336,34.2083333333333,3,79.5356993567041,184,54,6
247,0,1.10571806682896,FALSE,"single_case",-0.208333333333305,31.1249999999999,26,49.8124905928353,129.270004272461,43,8
248,0,0.202729850136717,FALSE,"single_case",1.45833333333336,31.2083333333333,14,20.6822890678216,86.6800003051758,25,6
249,0,1.02507694949785,TRUE,"single_case",-1.37499999999997,30.0416666666666,29,0,25.3199996948242,NA,NA
250,0.180036569362914,1.24281002300352,FALSE,"nonspatial_sub",1.87500000000003,34.5416666666666,12,46.234153317183,149.949996948242,41,5
251,0,0.662452084467262,TRUE,"single_case",1.87500000000003,33.6249999999999,11,0,24.9200000762939,NA,NA
252,0,1.21831287031814,TRUE,"single_case",0.708333333333361,30.3749999999999,20,0,28.7600002288818,NA,NA
253,0,0.667111815810668,TRUE,"single_case",0.958333333333361,34.2083333333333,16,0,17.0499992370605,NA,NA
254,0,0.305951861898716,FALSE,"single_case",1.12500000000003,30.2916666666666,20,46.25,172.960006713867,41,8
255,0,2.19253718164989,FALSE,"single_case",3.20833333333336,31.0416666666666,4,9.23550187109245,36.8300018310547,41,26
256,0.118781276872423,0.704073584549188,TRUE,"nonspatial_sub",2.79166666666669,32.2916666666666,7,0,2.33999991416931,NA,NA
257,0,0.258576120479083,FALSE,"single_case",2.54166666666669,32.3749999999999,7,13.0750424961938,38.5800018310547,35,11
258,0,0.671814982577439,FALSE,"single_case",2.54166666666669,34.5416666666666,12,52.3001699847761,104.319999694824,56,5
259,0,1.51483910150195,TRUE,"single_case",2.87500000000003,30.8749999999999,4,0,20.2299995422363,NA,NA
260,0,0.287321694866406,FALSE,"single_case",-0.374999999999972,30.7916666666666,27,20.6835401908504,71.629997253418,30,11
261,0.360358512065978,0.586318833536428,FALSE,"nonspatial_sub",1.29166666666669,31.7083333333333,13,37,173.600006103516,53,15
262,0,1.06936093836993,FALSE,"single_case",0.208333333333361,32.2916666666666,16,9.24993885182177,30.9599990844727,46,29
263,0,0.487114399147947,FALSE,"single_case",-0.958333333333305,29.6249999999999,29,33.3481196810424,137.850006103516,32,10
264,0.98249837408896,0.94316473869165,TRUE,"nonspatial_sub",0.708333333333361,34.2083333333333,16,0,7.28999996185303,NA,NA
265,0,0.826497629877919,FALSE,"single_case",2.87500000000003,34.1249999999999,12,74.5744409762582,205.529998779297,59,5
266,0,0.969811301413585,FALSE,"single_case",1.04166666666669,34.2916666666666,16,9.24847133597922,37.8800010681152,43,29
267,0.274687056426769,2.59141332319588,FALSE,"nonspatial_sub",3.79166666666669,31.2916666666666,4,37,107.629997253418,49,20
268,0,1.73822900906989,FALSE,"single_case",-0.124999999999972,31.6249999999999,26,13.0814598861648,53,33,8
269,0.0567894523480013,0.735349960999933,TRUE,"nonspatial_sub",0.625000000000028,33.6249999999999,16,0,6.32999992370605,NA,NA
270,0.062537813475723,0.596376022618324,FALSE,"nonspatial_sub",-1.12499999999997,30.2083333333333,29,13.0802147232632,54.4300003051758,30,10
271,0,1.12083295574947,FALSE,"single_case",3.70833333333336,31.8749999999999,1,9.23063255232966,71.2900009155273,30,20
272,0.119307964192059,0.377642256104272,FALSE,"nonspatial_sub",1.95833333333336,33.5416666666666,11,9.24459746704584,36.4599990844727,41,26
273,0,1.24703363175833,FALSE,"single_case",3.04166666666669,31.2916666666666,4,27.7109061028657,75.6900024414062,52,23
274,0,1.20436903945919,FALSE,"single_case",0.125000000000028,31.2083333333333,22,38.1387216979454,121.690002441406,37,7
275,0.159373853826003,2.66278767989119,TRUE,"nonspatial_sub",3.37500000000003,31.0416666666666,4,0,23.0499992370605,NA,NA
276,0,0.908269478132511,FALSE,"single_case",0.458333333333361,33.5416666666666,16,9.24970404407152,38.5099983215332,53,39
277,0,0.90055109930793,FALSE,"single_case",0.625000000000028,30.5416666666666,20,20.6826443397366,53.4500007629395,29,8
278,0,0.221335083146135,FALSE,"single_case",0.375000000000028,30.4583333333333,20,26.1626707219677,60.1199989318848,42,10
279,0,0.951182443161492,FALSE,"single_case",0.125000000000028,30.6249999999999,23,56.2654231221984,148.440002441406,57,14
280,0,0.935175658385851,TRUE,"single_case",0.625000000000028,34.2083333333333,16,0,12.2700004577637,NA,NA
281,0,1.6286962426992,TRUE,"single_case",3.29166666666669,30.9583333333333,4,0,19.9200000762939,NA,NA
282,0,1.13209066945554,FALSE,"single_case",3.20833333333336,31.4583333333333,1,20.6576978205174,63.439998626709,43,21
283,0,1.52491587753138,FALSE,"single_case",1.62500000000003,33.7916666666666,11,13.0788452722716,39.0299987792969,44,23
284,0.29238458178335,0.405086220317321,FALSE,"nonspatial_sub",0.958333333333361,34.3749999999999,16,9.24870613329942,51.7000007629395,42,28
285,0,0.518352036482401,FALSE,"single_case",1.37500000000003,31.9583333333333,13,33.3483947160465,124.949996948242,40,15
286,0,0.982979607676407,FALSE,"single_case",0.708333333333361,32.4583333333333,16,13.0809756326708,49.9099998474121,53,29
287,0,0.507775879370911,TRUE,"single_case",0.375000000000028,32.5416666666666,16,0,0.0599999986588955,NA,NA
288,0,1.13185613576116,FALSE,"single_case",0.291666666666695,30.8749999999999,22,49.8122180754346,153.190002441406,43,7
289,0,2.16309348865155,FALSE,"single_case",-0.124999999999972,31.1249999999999,26,53.9362106458487,145.779998779297,45,8
290,0,0.970311223230688,FALSE,"single_case",-0.458333333333305,31.7083333333333,26,9.24999999999997,30.1900005340576,28,8
291,0.670739047108161,1.27396281799015,FALSE,"nonspatial_sub",1.95833333333336,34.6249999999999,12,49.7876948471468,192.339996337891,43,5
292,0.178081627808597,1.44446236997764,FALSE,"nonspatial_sub",3.12500000000003,34.1249999999999,3,59.1945442039484,158.899993896484,44,6
293,0,0.792659533244264,FALSE,"single_case",-0.874999999999972,31.2083333333333,28,20.6816992950758,58.7599983215332,29,7
294,0,0.707611093451119,TRUE,"single_case",0.958333333333361,30.8749999999999,17,0,15.2700004577637,NA,NA
295,0,1.6266208105429,FALSE,"single_case",2.04166666666669,32.9583333333333,9,9.25000000000002,34.3400001525879,34,13
296,0,1.0163915597678,FALSE,"single_case",3.20833333333336,33.7916666666666,3,37,148.740005493164,45,6
297,0.0788168443400479,1.65337861437362,FALSE,"nonspatial_sub",1.70833333333336,32.7916666666666,9,46.25,173.779998779297,50,13
298,0,0.831926104550567,FALSE,"single_case",3.62500000000003,34.1249999999999,3,29.1984015963437,71.2300033569336,32,6
299,0,0.54388697490471,TRUE,"single_case",1.04166666666669,34.1249999999999,16,0,12.039999961853,NA,NA
300,0,1.61099093215416,TRUE,"single_case",0.541666666666695,34.0416666666666,16,0,16.9699993133545,NA,NA
301,0,1.09636719776548,FALSE,"single_case",2.29166666666669,31.2916666666666,10,27.7278061460304,124.319999694824,27,1
302,0,0.930357438871355,FALSE,"single_case",2.37500000000003,33.2083333333333,9,27.7261629356388,74.120002746582,45,15
303,0,0.573294612484802,FALSE,"single_case",2.54166666666669,34.6249999999999,12,59.1933772218821,96.9100036621094,47,5
304,0,0.550121784822184,FALSE,"single_case",1.62500000000003,32.9583333333333,9,55.5,162.039993286133,49,13
305,0.621607999705924,1.15194594413975,FALSE,"nonspatial_sub",1.79166666666669,33.7916666666666,11,9.24547784430834,55.1100006103516,43,25
306,0.417519327713408,0.989306415782116,FALSE,"nonspatial_sub",3.62500000000003,34.0416666666666,3,20.650528976613,53.3699989318848,28,6
307,0,0.129792307790042,FALSE,"single_case",0.625000000000028,30.5416666666666,20,20.6826443397366,53.4500007629395,29,8
308,0,2.04815107885113,FALSE,"single_case",1.20833333333336,32.5416666666666,16,64.75,149.889999389648,80,29
309,0,0.33148338477784,TRUE,"single_case",1.04166666666669,34.3749999999999,16,0,16.7700004577637,NA,NA
310,0,0.909323821056333,FALSE,"single_case",-0.541666666666639,30.9583333333333,27,27.748759922826,71.0899963378906,42,11
311,0,2.45595262039832,FALSE,"single_case",1.12500000000003,30.2916666666666,20,46.25,172.960006713867,41,8
312,1.20303036648424,0.521868809440341,FALSE,"spatial",2.20833333333336,34.9583333333333,12,83.1881721031977,172.860000610352,63,5
313,0,1.59243882538514,FALSE,"single_case",-0.458333333333305,31.3749999999999,26,20.6830993715085,63.6399993896484,30,8
314,0,1.65893457471165,FALSE,"single_case",-1.04166666666664,30.2916666666666,29,26.1607891358374,90.870002746582,37,10
315,0,1.49672737151413,FALSE,"single_case",3.79166666666669,31.2916666666666,4,37,107.629997253418,49,20
316,0.0398373710676872,1.40225412726032,FALSE,"single_case",2.95833333333336,31.8749999999999,7,33.3205850785606,127.300003051758,37,11
317,0,0.921663631403325,FALSE,"single_case",2.20833333333336,34.8749999999999,12,73.9450418695088,242.820007324219,63,5
318,0,0.430975721091544,FALSE,"single_case",1.12500000000003,30.7083333333333,17,20.6804392803123,101.389999389648,21,4
319,0.333140852599993,1.88373155025174,FALSE,"nonspatial_sub",3.29166666666669,33.0416666666666,5,9.23473915022696,32,34,11
320,1.52205511104366,0.390925464429764,FALSE,"spatial",1.04166666666669,31.5416666666666,22,47.1656307288733,139.710006713867,45,7
321,0,1.97499424399352,FALSE,"single_case",3.20833333333336,31.5416666666666,1,13.0712277468856,44.7099990844727,47,21
322,0,1.74832177081263,FALSE,"single_case",-0.374999999999972,31.4583333333333,26,9.24980188039306,40.060001373291,32,8
323,0,1.04738030341364,FALSE,"single_case",-0.374999999999972,31.0416666666666,27,41.3665487710106,87.9700012207031,39,11
324,0,0.235076757262981,FALSE,"single_case",-1.12499999999997,30.3749999999999,29,29.2459938258227,83.9700012207031,28,10
325,0,0.19448901484188,FALSE,"single_case",3.04166666666669,32.2916666666666,7,18.5,74.3899993896484,36,11
326,0.715363664791924,0.486794626926027,FALSE,"nonspatial_sub",3.37500000000003,34.2083333333333,3,49.7383051390236,138.399993896484,41,6
327,0,1.38575168820322,TRUE,"single_case",3.37500000000003,31.0416666666666,4,0,23.0499992370605,NA,NA
328,0.110467248541953,1.47755861585677,FALSE,"nonspatial_sub",2.29166666666669,33.2916666666666,11,27.7278061460304,82.3600006103516,50,18
329,0.722571703584841,1.28452346691506,FALSE,"nonspatial_sub",0.208333333333361,31.4583333333333,22,33.3512814603849,155.539993286133,35,7
330,0.105369184971271,0.545659956834426,FALSE,"nonspatial_sub",0.708333333333361,31.8749999999999,22,41.3647286470048,115.800003051758,37,7
331,0.174113164965862,0.529955803644607,FALSE,"nonspatial_sub",0.0416666666666954,31.2083333333333,22,47.165930021047,117.349998474121,46,7
332,0,1.48219692876808,FALSE,"single_case",3.70833333333336,31.6249999999999,1,9.23063255233005,37.3800010681152,33,20
333,0,1.16890801865525,FALSE,"single_case",-0.458333333333305,31.7083333333333,26,9.24999999999997,30.1900005340576,28,8
334,0,0.394476248462873,FALSE,"single_case",1.45833333333336,33.4583333333333,11,20.6822890678214,58.2299995422363,35,16
335,0,0.536380532709636,FALSE,"single_case",1.04166666666669,31.2916666666666,17,46.2423566798989,131.820007324219,49,4
336,0,0.620648879873992,FALSE,"single_case",0.0416666666666954,31.9583333333333,26,39.2444211672533,102.180000305176,46,8
337,0,0.75374872740306,FALSE,"single_case",1.29166666666669,32.8749999999999,19,46.2457695538615,171.059997558594,47,16
338,0,1.42348171325899,FALSE,"single_case",1.37500000000003,32.9583333333333,19,49.810796321051,150.419998168945,44,16
339,1.24740866312213,1.04385817056231,FALSE,"spatial",3.12500000000003,33.8749999999999,3,47.163234862757,171.229995727539,44,6
340,0,0.39108728904552,FALSE,"single_case",1.95833333333336,33.2916666666666,11,29.2356929274705,65.7300033569336,47,26
341,0,0.336986468998274,FALSE,"single_case",0.625000000000028,32.9583333333333,16,9.24944967125165,43.2299995422363,60,41
342,0,0.788001019989176,FALSE,"single_case",1.95833333333336,32.6249999999999,9,26.1553116844522,79.1699981689453,44,13
343,0.211792728467608,1.24142751293447,FALSE,"nonspatial_sub",0.708333333333361,31.8749999999999,22,41.3647286470048,115.800003051758,37,7
344,0,1.28442483789524,FALSE,"single_case",1.62500000000003,34.9583333333333,16,87.2390904009556,142.649993896484,68,23
345,0,0.394703100223869,FALSE,"single_case",0.375000000000028,32.2916666666666,16,9.24980188039267,33.439998626709,47,31
346,0,1.05063244441762,FALSE,"single_case",-1.37499999999997,29.8749999999999,29,9.24733651027726,57.5699996948242,22,10
347,0.810813324826592,0.447522538493046,TRUE,"nonspatial_sub",3.37500000000003,31.2083333333333,4,0,21.4599990844727,NA,NA
348,0,1.06383977135294,TRUE,"single_case",0.541666666666695,33.2083333333333,16,0,10.6800003051758,NA,NA
349,0.211517814471981,1.07845517043176,FALSE,"nonspatial_sub",-0.0416666666666385,31.8749999999999,26,26.1629474448353,108.150001525879,39,8
350,0.0452475076449198,0.940098746685024,TRUE,"single_case",0.375000000000028,32.6249999999999,16,0,0.189999997615814,NA,NA
351,0,0.377701359511047,FALSE,"single_case",-1.12499999999997,30.2083333333333,29,13.0802147232632,54.4300003051758,30,10
352,0,0.977495478538216,FALSE,"single_case",2.29166666666669,34.8749999999999,12,74.5171579458923,239.279998779297,56,5
353,0,0.870276651809232,FALSE,"single_case",-0.0416666666666385,31.1249999999999,22,58.5021351661735,146.789993286133,46,7
354,0,0.578002267508455,FALSE,"single_case",1.54166666666669,33.4583333333333,11,13.0791080776607,45.5999984741211,41,16
355,0.108332330675692,1.12804492553926,FALSE,"nonspatial_sub",3.62500000000003,32.2083333333333,1,18.462985863991,106.769996643066,39,18
356,0,0.93326194857551,FALSE,"single_case",1.70833333333336,32.9583333333333,9,46.25,162.279998779297,49,13
357,0,0.829714889138674,FALSE,"single_case",3.12500000000003,34.0416666666666,3,53.9150860564663,183.270004272461,42,6
358,0.0812522603331298,0.447651200657691,TRUE,"nonspatial_sub",0.458333333333361,32.3749999999999,16,0,23.8600006103516,NA,NA
359,0,0.503580692836013,FALSE,"single_case",-0.958333333333305,31.7083333333333,26,64.75,135.410003662109,40,8
360,0,0.57742794217432,FALSE,"single_case",1.87500000000003,32.7916666666666,9,27.75,98.120002746582,43,13
361,0,1.07605058003869,FALSE,"single_case",3.04166666666669,33.7916666666666,8,53.8804442220055,197.710006713867,46,8
362,0,1.15356584783179,FALSE,"single_case",2.70833333333336,30.7916666666666,4,9.24999999999997,68.0599975585938,27,14
363,0,1.11522601235675,FALSE,"single_case",2.70833333333336,30.9583333333333,4,18.5,59.4300003051758,39,15
364,0.167776676629468,1.93937937672078,FALSE,"nonspatial_sub",0.958333333333361,33.6249999999999,16,27.75,66.4000015258789,61,34
365,0,0.370039438599341,FALSE,"single_case",-0.791666666666638,30.0416666666666,29,41.3664678645554,123.620002746582,41,10
366,0,0.806839296277455,FALSE,"single_case",1.12500000000003,32.4583333333333,16,56.2652603051535,103.400001525879,70,29
367,0,0.79943734900257,TRUE,"single_case",3.29166666666669,31.7083333333333,1,0,21.5799999237061,NA,NA
368,0.20037868952181,1.72090416993555,FALSE,"nonspatial_sub",1.12500000000003,33.6249999999999,16,38.1318079207739,112.330001831055,55,28
369,0,0.585115863797049,FALSE,"single_case",0.291666666666695,31.6249999999999,22,29.2510304567853,95.1399993896484,32,7
370,0,0.676563970136882,TRUE,"single_case",2.95833333333336,30.8749999999999,4,0,16.9099998474121,NA,NA
371,0,1.34383973836754,FALSE,"single_case",3.37500000000003,33.0416666666666,5,9.23395689420888,40.4199981689453,33,10
372,0,1.15661729942871,FALSE,"single_case",-0.124999999999972,31.0416666666666,27,59.2288441897471,146.779998779297,48,11
373,0.249573386412929,1.62697894460869,FALSE,"nonspatial_sub",1.79166666666669,34.7916666666666,12,74.5484015114384,354.040008544922,55,5
374,0,0.353055827353261,FALSE,"single_case",2.62500000000003,32.6249999999999,7,29.2234454850935,82.2600021362305,33,11
375,0.224053710104743,0.978777346600957,FALSE,"nonspatial_sub",0.708333333333361,31.9583333333333,22,49.8094929462554,95.120002746582,42,7
376,2.90568640269833,0.4694564845252,FALSE,"spatial",3.20833333333336,31.7916666666666,1,9.24999999999997,40.5999984741211,40,20
377,0,1.6651243677673,FALSE,"single_case",-0.541666666666639,31.0416666666666,28,27.7499999999999,79.0299987792969,45,7
378,0,0.44981576458677,FALSE,"single_case",2.79166666666669,32.0416666666666,7,9.23902239311401,57.439998626709,33,11
379,0,0.752705073558929,TRUE,"single_case",0.208333333333361,30.1249999999999,23,0,16.2199993133545,NA,NA
380,0.0568595658011192,1.14742709288497,FALSE,"nonspatial_sub",-1.2083333333333,29.7083333333333,29,18.4958860985507,75.4700012207031,32,10
381,0,0.265499392527813,FALSE,"single_case",1.29166666666669,31.9583333333333,13,41.3651555008903,136.860000610352,43,15
382,0,1.07313671147998,FALSE,"single_case",1.12500000000003,33.2916666666666,19,18.5,66.7799987792969,51,21
383,0,0.689972416137547,FALSE,"single_case",3.20833333333336,30.8749999999999,4,9.23550187109285,32.0699996948242,37,26
384,0,0.803847721937652,TRUE,"single_case",0.625000000000028,34.2916666666666,16,0,9.3100004196167,NA,NA
385,0,0.916306199938505,TRUE,"single_case",3.29166666666669,31.7083333333333,1,0,21.5799999237061,NA,NA
386,0.182361925451227,0.445000532546454,FALSE,"nonspatial_sub",2.95833333333336,34.0416666666666,3,70.4313416738428,163.550003051758,50,6
387,0,1.00523190075836,FALSE,"single_case",0.875000000000028,33.1249999999999,19,9.24892136592089,33.0699996948242,50,26
388,0.456085507500755,1.94864982747755,FALSE,"nonspatial_sub",2.04166666666669,31.5416666666666,13,39.2319718213786,100.980003356934,50,17
389,0,0.283601777420247,FALSE,"single_case",-0.624999999999972,30.7916666666666,27,9.24944967125125,37.2799987792969,31,11
390,0,1.4010232731817,FALSE,"single_case",1.04166666666669,32.6249999999999,16,47.1656307288732,139.740005493164,66,29
391,2.11733434833199,1.2859828883393,FALSE,"spatial",1.54166666666669,32.2083333333333,13,26.1582161553221,93.7699966430664,47,16
392,0,0.485523643528117,FALSE,"single_case",-0.874999999999972,31.1249999999999,28,13.0807127647152,46.2599983215332,33,7
393,0,1.04159493118505,FALSE,"single_case",1.70833333333336,33.0416666666666,9,47.1651243800945,143.389999389648,45,13
394,0,1.6331530817884,FALSE,"single_case",1.62500000000003,34.8749999999999,16,79.5503204842418,189.75,70,23
395,0.333622044692062,1.01355623143814,TRUE,"nonspatial_sub",2.29166666666669,32.9583333333333,9,0,11.6099996566772,NA,NA
396,0,0.761952414690232,FALSE,"single_case",1.45833333333336,31.8749999999999,13,20.6822890678216,89.379997253418,34,15
397,1.32711583942276,0.832473404599384,FALSE,"spatial",-1.12499999999997,30.0416666666666,29,9.24999999999997,35.8899993896484,30,10
398,0.0416922738287303,0.388474063805612,FALSE,"single_case",0.625000000000028,31.9583333333333,22,47.1632322951398,101.080001831055,46,7
399,0,1.0971694446431,FALSE,"single_case",0.875000000000028,33.5416666666666,16,18.5,55.8600006103516,54,33
400,0,2.34958590072571,TRUE,"single_case",3.45833333333336,31.2916666666666,4,0,24.0300006866455,NA,NA
401,0,0.340440992789714,TRUE,"single_case",0.875000000000028,33.2083333333333,19,0,21.7600002288818,NA,NA
402,0,1.07064301132173,FALSE,"single_case",1.87500000000003,34.7916666666666,12,70.4140376695599,278.25,53,5
403,0,1.95591032373864,FALSE,"single_case",3.54166666666669,30.8749999999999,4,9.23233378337659,41.189998626709,27,16
404,0,0.950344547874928,FALSE,"single_case",-0.541666666666639,31.7916666666666,26,18.5,75.7399978637695,28,8
405,1.70174641404608,1.69839583757643,FALSE,"spatial",1.37500000000003,31.0416666666666,14,39.2387766477088,175.660003662109,39,6
406,0,2.27723825397306,FALSE,"single_case",-0.874999999999972,29.7916666666666,29,29.2507272804111,109.089996337891,36,10
407,0.130988596351222,0.917134312203874,FALSE,"nonspatial_sub",-1.04166666666664,30.2083333333333,29,20.6829451977333,64.3000030517578,30,10
408,0,1.81065558727523,FALSE,"single_case",1.70833333333336,33.2083333333333,11,36.9835547863696,99.1399993896484,51,19
409,0,1.01584606436503,FALSE,"single_case",-0.0416666666666385,31.0416666666666,22,62.0508830940605,157.649993896484,47,7
410,0,1.10501706529208,TRUE,"single_case",0.541666666666695,33.4583333333333,16,0,13.6400003433228,NA,NA
411,0,0.148400630200782,FALSE,"single_case",1.04166666666669,31.7916666666666,22,59.2250795933531,182,45,7
412,0,0.467047551415409,TRUE,"single_case",-0.291666666666639,31.7083333333333,26,0,11.039999961853,NA,NA
413,0,0.109594047156595,FALSE,"single_case",-0.374999999999972,30.1249999999999,25,18.5,68.379997253418,41,8
414,0.215307055010281,0.962237509602503,FALSE,"nonspatial_sub",1.54166666666669,32.6249999999999,13,65.3955403883055,223.699996948242,57,11
415,0,1.17391709116029,FALSE,"single_case",-0.124999999999972,31.7916666666666,26,13.0814598861645,57.3300018310547,32,8
416,0,0.255309685336695,FALSE,"single_case",3.20833333333336,33.6249999999999,3,38.1352133180209,200.240005493164,36,6
417,0,1.15468436158583,FALSE,"single_case",2.37500000000003,32.4583333333333,7,33.3425369702865,71.2699966430664,37,11
418,0.0792399002326656,2.20865894095819,FALSE,"nonspatial_sub",0.791666666666694,32.2916666666666,16,33.3491453125251,96.9300003051758,55,29
419,0,1.90508894114864,FALSE,"single_case",0.875000000000028,33.4583333333333,19,18.4978427318418,46.2000007629395,55,29
420,0,0.934746028988406,FALSE,"single_case",1.70833333333336,34.0416666666666,15,29.2497685083108,102.620002746582,44,17
421,0,0.760456621019373,TRUE,"single_case",-0.0416666666666385,29.7916666666666,23,0,19.2999992370605,NA,NA
422,0,0.423914024769284,FALSE,"single_case",1.62500000000003,33.7083333333333,11,9.24627999013854,44.5800018310547,40,18
423,0.352279767648266,0.434435589138076,FALSE,"nonspatial_sub",1.20833333333336,31.3749999999999,14,46.25,109.730003356934,53,9
424,2.55597577239567,0.723539502793252,TRUE,"nonspatial_hub",0.625000000000028,30.2083333333333,20,0,10.1899995803833,NA,NA
425,0,0.770450294362811,FALSE,"single_case",1.79166666666669,33.3749999999999,11,18.4909556886175,51.8400001525879,46,24
426,0,1.22582216599618,TRUE,"single_case",1.70833333333336,32.0416666666666,13,0,21.5499992370605,NA,NA
427,0,2.79945565754435,FALSE,"single_case",0.125000000000028,31.2916666666666,22,37,165.059997558594,46,7
428,0,0.92318280811318,TRUE,"single_case",0.625000000000028,30.2083333333333,20,0,10.1899995803833,NA,NA
429,0,2.13992349257556,FALSE,"single_case",1.04166666666669,34.2916666666666,16,9.24847133597922,37.8800010681152,43,29
430,0,0.972419091004739,FALSE,"single_case",3.04166666666669,33.9583333333333,3,58.4939002215592,159.490005493164,43,6
431,0,2.10532053531929,FALSE,"single_case",-0.791666666666638,31.5416666666666,26,46.2499999999999,84.4899978637695,52,8
432,0,1.10761531224941,FALSE,"single_case",0.708333333333361,32.7916666666666,16,18.5,61.3800010681152,66,42
433,0,0.840708943967752,FALSE,"single_case",1.29166666666669,33.2916666666666,19,37,102.519996643066,57,21
434,0,0.931037439554357,FALSE,"single_case",1.45833333333336,34.0416666666666,15,9.24700389774586,31.5599994659424,44,17
435,5.48832562121922,0.688396965267801,FALSE,"spatial",1.37500000000003,32.9583333333333,19,49.810796321051,150.419998168945,44,16
436,0,0.157372448755409,TRUE,"single_case",3.45833333333336,31.2916666666666,4,0,24.0300006866455,NA,NA
437,0,1.08687255122401,FALSE,"single_case",0.791666666666694,30.7916666666666,17,9.25000000000002,46.310001373291,31,5
438,0,2.07492959071502,TRUE,"single_case",2.29166666666669,32.9583333333333,9,0,11.6099996566772,NA,NA
439,0,0.35029510471308,FALSE,"single_case",3.70833333333336,34.2083333333333,3,36.9225302093194,103.410003662109,42,6
440,0,1.04102991396795,TRUE,"single_case",1.20833333333336,34.2083333333333,16,0,17.6599998474121,NA,NA
441,0,0.779530725708366,TRUE,"single_case",3.70833333333336,31.7916666666666,1,0,28.1599998474121,NA,NA
442,0.0824001940685998,0.693712887230155,TRUE,"nonspatial_sub",0.541666666666695,33.3749999999999,16,0,9.72999954223633,NA,NA
443,0,0.449661762105774,TRUE,"single_case",3.45833333333336,31.2083333333333,4,0,8.68000030517578,NA,NA
444,0.537490887913968,0.219887224372677,FALSE,"nonspatial_sub",0.125000000000028,30.4583333333333,23,38.1386416125867,101.809997558594,43,14
445,0,0.743868810135856,FALSE,"single_case",3.45833333333336,33.9583333333333,3,20.6535012225362,130.619995117188,27,6
446,0,0.671533746151211,FALSE,"single_case",1.62500000000003,32.7916666666666,9,55.5,186.570007324219,50,13
447,0,0.135311858975325,FALSE,"single_case",4.12500000000003,33.9583333333333,3,47.1612369790316,273.170013427734,39,6
448,1.58764737507256,1.27311499421354,FALSE,"spatial",1.54166666666669,34.8749999999999,16,74.5555352556062,160.199996948242,66,23
449,0,1.30147299224967,FALSE,"single_case",1.04166666666669,31.7083333333333,22,53.9339456972318,146.759994506836,43,7
450,0,1.2890526586323,FALSE,"single_case",1.20833333333336,33.2916666666666,19,27.75,81.4599990844727,53,21
451,0,0.94235967355709,FALSE,"single_case",1.12500000000003,30.2916666666666,20,46.25,172.960006713867,41,8
452,0,1.78689273504102,FALSE,"single_case",0.875000000000028,31.7916666666666,22,46.2465484433998,128.419998168945,40,7
453,0,0.435415251777834,FALSE,"single_case",-0.708333333333305,30.3749999999999,27,18.4985862705797,52.5099983215332,36,10
454,0,1.01213608497693,FALSE,"single_case",0.625000000000028,32.2916666666666,16,20.6826443397366,52.6300010681152,48,31
455,0,1.52142023770238,FALSE,"single_case",-0.708333333333305,31.5416666666666,26,37,67.620002746582,47,8
456,0,1.45927058898962,FALSE,"single_case",2.20833333333336,32.7083333333333,9,9.24313023368889,41.6500015258789,32,13
457,0,0.350546588045936,FALSE,"single_case",1.12500000000003,30.2916666666666,20,46.25,172.960006713867,41,8
458,0,1.01244322641432,FALSE,"single_case",1.04166666666669,33.8749999999999,16,9.24847133598001,42.7000007629395,49,28
459,0.237221497648984,1.0454529966925,FALSE,"nonspatial_sub",1.45833333333336,31.9583333333333,13,26.1587141186212,80.0199966430664,47,15
460,0.230897229458674,1.35934844494828,TRUE,"nonspatial_sub",0.708333333333361,34.2916666666666,16,0,25.3099994659424,NA,NA
461,0,1.39787309150511,FALSE,"single_case",-0.541666666666639,30.7916666666666,27,9.24958664094186,35.4300003051758,32,11
462,0,0.0448315368819729,TRUE,"single_case",3.45833333333336,31.0416666666666,4,0,15.710000038147,NA,NA
463,0.208106283841035,1.25704443005352,FALSE,"nonspatial_sub",2.54166666666669,32.0416666666666,7,26.150084992388,86.7900009155273,40,11
464,0,1.42951117170841,FALSE,"single_case",0.291666666666695,32.1249999999999,16,27.7496404490954,71.4000015258789,56,30
465,0,0.593156365354992,FALSE,"single_case",1.29166666666669,32.0416666666666,13,46.2457695538617,139.850006103516,46,15
466,0,1.37860586173496,FALSE,"single_case",2.54166666666669,34.3749999999999,12,41.3591216675248,102.98999786377,38,5
467,0,1.01522569964067,FALSE,"single_case",-0.291666666666639,31.2083333333333,26,38.1382619496558,102.669998168945,37,8
468,0,1.49839312954817,FALSE,"single_case",0.708333333333361,31.8749999999999,22,41.3647286470048,115.800003051758,37,7
469,0,0.801847409162519,TRUE,"single_case",2.04166666666669,33.7083333333333,11,0,15.7700004577637,NA,NA
470,0.614729137271976,2.16832686325465,TRUE,"nonspatial_sub",0.458333333333361,32.6249999999999,16,0,4.96000003814697,NA,NA
471,0,0.879693532061088,FALSE,"single_case",-0.208333333333305,31.7916666666666,26,9.24993885182217,32.3300018310547,30,8
472,0,0.556857614326929,TRUE,"single_case",-0.541666666666639,30.7083333333333,27,0,17.2000007629395,NA,NA
473,1.60470909134095,1.04848788200385,TRUE,"nonspatial_hub",3.54166666666669,31.7916666666666,1,0,14.5799999237061,NA,NA
474,0.684662617781642,1.08058403476207,FALSE,"nonspatial_sub",0.375000000000028,30.8749999999999,22,47.164959139844,125.660003662109,46,7
475,0,1.1534595231728,FALSE,"single_case",3.62500000000003,34.2083333333333,3,38.0669132982408,95.9400024414062,36,6
476,0,0.694021085709636,FALSE,"single_case",3.62500000000003,33.9583333333333,3,13.0683955309552,42.75,33,6
477,0,0.722451544391343,FALSE,"single_case",1.95833333333336,33.8749999999999,11,9.24999999999997,52.7799987792969,46,25
478,0.440543015355317,0.462840718854538,FALSE,"nonspatial_sub",1.29166666666669,32.1249999999999,13,47.1654695980353,221.300003051758,53,16
479,0,0.740425769195469,FALSE,"single_case",0.875000000000028,30.2916666666666,20,18.5,61.9199981689453,34,8
480,0.208833767301036,1.06133564363842,FALSE,"nonspatial_sub",-0.374999999999972,30.5416666666666,27,18.5,51.810001373291,35,9
481,0,1.2043580667489,FALSE,"single_case",3.12500000000003,33.7916666666666,3,46.25,195.720001220703,50,6
482,0,0.227910184416527,FALSE,"single_case",1.70833333333336,32.9583333333333,9,46.25,162.279998779297,49,13
483,0.545553511839201,0.774742964642602,FALSE,"nonspatial_sub",1.45833333333336,34.7083333333333,16,53.9234598957028,160.589996337891,59,23
484,0,1.67897095310933,FALSE,"single_case",2.04166666666669,34.8749999999999,12,74.5292707088818,258.929992675781,56,5
485,0.155141588345936,0.77455268427334,FALSE,"nonspatial_sub",1.12500000000003,32.4583333333333,16,56.2652603051535,103.400001525879,70,29
486,0,1.28490169195546,FALSE,"single_case",-0.541666666666639,30.1249999999999,25,37.0000000000001,70.7600021362305,51,8
487,0.214578292182367,1.48768909945945,FALSE,"nonspatial_sub",1.04166666666669,34.2916666666666,16,9.24847133597922,37.8800010681152,43,29
488,0,0.371529765475427,FALSE,"single_case",0.458333333333361,33.7083333333333,16,9.24970404407152,31.8500003814697,50,34
489,0,0.589587714224025,FALSE,"single_case",1.04166666666669,30.2916666666666,20,37,125.5,41,8
490,0,1.44208856388251,FALSE,"single_case",-1.04166666666664,29.8749999999999,29,9.25000000000007,52.2400016784668,34,10
491,1.1183376340631,0.608053320135591,FALSE,"spatial",-0.541666666666639,31.1249999999999,28,29.2509376435745,82.3499984741211,35,7
492,0,0.572791249104613,FALSE,"single_case",0.625000000000028,30.4583333333333,20,13.0810863165492,53.1599998474121,34,8
493,0.509891613442657,0.310564528898068,FALSE,"nonspatial_sub",-0.291666666666639,30.5416666666666,27,27.75,74.1699981689453,40,9
494,0,1.4801656538907,FALSE,"single_case",2.12500000000003,33.9583333333333,11,13.0769782243947,62.8400001525879,49,25
495,0,1.88837466421526,FALSE,"single_case",1.54166666666669,34.4583333333333,16,41.3642632284027,108.769996643066,52,23
496,0,0.700099278059369,TRUE,"single_case",1.87500000000003,32.0416666666666,13,0,15.6599998474121,NA,NA
497,0.400615465163389,1.25005819445968,FALSE,"nonspatial_sub",2.54166666666669,31.7916666666666,7,46.2208857599733,103.059997558594,43,11
498,0,1.81027365145628,FALSE,"single_case",-0.458333333333305,30.8749999999999,27,20.6830993715082,58.2999992370605,30,11
499,0,0.719984042339586,FALSE,"single_case",0.458333333333361,33.6249999999999,16,9.25000000000002,41.3199996948242,50,36
500,0,0.628261891033208,FALSE,"single_case",0.625000000000028,30.3749999999999,20,9.24944967125165,46.0299987792969,32,9
