"event_id","route","R0","k","outcome","chain_size","hub_infections","generations","peak_infected","at_hub","spill_lat","spill_lon","hub_id","hub_dist_km","travel_time","n_swath_cells","n_hub_cells","mortality_sub_pandemic","pandora_handoff"
1,"nonspatial_sub",0.0805110936934048,0.704060876406567,"extinct",1,0,1,1,FALSE,3.12500000000003,34.1249999999999,3,59.1945442039484,158.899993896484,44,6,0.01,FALSE
2,"nonspatial_sub",0.318188194960048,0.361851189658474,"extinct",5,0,4,2,FALSE,1.20833333333336,31.9583333333333,13,49.8112467478035,170.869995117188,48,15,0.05,FALSE
3,"single_case",0,0.438156336702848,"single_case",1,0,0,1,FALSE,0.208333333333361,30.6249999999999,20,52.3257288549261,143.809997558594,56,10,0.01,FALSE
4,"nonspatial_sub",0.0712067378586594,0.392118572515087,"extinct",4,0,2,3,FALSE,-0.291666666666639,30.8749999999999,27,33.3512163366665,105.309997558594,36,11,0.04,FALSE
5,"single_case",0,0.556387712472976,"single_case",1,0,0,1,FALSE,2.37500000000003,34.7083333333333,12,58.4569110074623,167.800003051758,46,5,0.01,FALSE
6,"single_case",0,1.74163071856887,"single_case",1,0,0,1,FALSE,1.87500000000003,32.4583333333333,13,29.2369734845831,121.910003662109,36,11,0.01,FALSE
7,"nonspatial_sub",0.376834188699991,0.995070433276463,"extinct",1,0,1,1,FALSE,1.62500000000003,33.7916666666666,11,13.0788452722716,39.0299987792969,44,23,0.01,FALSE
8,"single_case",0,0.997294562438443,"single_case",1,0,0,1,FALSE,3.70833333333336,34.3749999999999,3,55.3837953139787,280.959991455078,45,6,0.01,FALSE
9,"single_case",0,0.258059213457953,"single_case",1,0,0,1,FALSE,3.04166666666669,31.3749999999999,4,36.9478748038209,86.5100021362305,57,23,0.01,FALSE
10,"spatial",1.42372158140843,0.504233658792905,"extinct",3,0,2,2,FALSE,1.70833333333336,34.9583333333333,16,92.4736897638774,195.100006103516,71,23,0.03,FALSE
11,"single_case",0,0.184046122159649,"single_case",1,0,0,1,FALSE,1.62500000000003,32.9583333333333,9,55.5,162.039993286133,49,13,0.01,FALSE
12,"nonspatial_sub",0.0867589867480082,0.484709181239208,"extinct",1,0,1,1,FALSE,1.62500000000003,34.7916666666666,16,72.2276641711272,223.529998779297,68,23,0.01,FALSE
13,"nonspatial_sub",0.123674556315095,0.206051634842096,"extinct",1,0,1,1,TRUE,3.62500000000003,31.7083333333333,1,0,11.2700004577637,NA,NA,0.01,FALSE
14,"single_case",0,2.81969842551304,"single_case",1,0,0,1,TRUE,0.875000000000028,34.3749999999999,16,0,19.2800006866455,NA,NA,0.01,FALSE
15,"single_case",0,0.357576667498195,"single_case",1,0,0,1,FALSE,-0.708333333333305,30.0416666666666,29,49.8122494373631,114.199996948242,46,10,0.01,FALSE
16,"nonspatial_sub",0.31724019566802,1.36725223546609,"extinct",2,0,2,1,TRUE,3.12500000000003,30.8749999999999,4,0,19.4099998474121,NA,NA,0.02,FALSE
17,"nonspatial_sub",0.0884703202062062,0.861538603974648,"extinct",1,0,1,1,FALSE,2.45833333333336,34.7916666666666,12,70.3911325291469,197.490005493164,53,5,0.01,FALSE
18,"single_case",0,0.56561238194667,"single_case",1,0,0,1,FALSE,3.70833333333336,34.2083333333333,3,36.9225302093194,103.410003662109,42,6,0.01,FALSE
19,"single_case",0,0.157488162782183,"single_case",1,0,0,1,TRUE,0.541666666666695,33.6249999999999,16,0,20.5599994659424,NA,NA,0.01,FALSE
20,"single_case",0,0.748830495478825,"single_case",1,0,0,1,TRUE,1.04166666666669,33.9583333333333,16,0,27.4400005340576,NA,NA,0.01,FALSE
21,"nonspatial_sub",0.189396314698361,1.09260157575697,"extinct",1,0,1,1,FALSE,1.29166666666669,33.2916666666666,19,37,102.519996643066,57,21,0.01,FALSE
22,"single_case",0,0.460122620168291,"single_case",1,0,0,1,FALSE,-0.124999999999972,31.2916666666666,26,39.2443796584938,117.800003051758,48,8,0.01,FALSE
23,"nonspatial_sub",0.854989312331776,0.217713114611724,"extinct",2,0,2,1,FALSE,1.20833333333336,32.0416666666666,13,53.933130409645,169.070007324219,50,15,0.02,FALSE
24,"nonspatial_sub",0.960291122813122,0.627976189218866,"extinct",1,0,1,1,FALSE,-0.291666666666639,31.0416666666666,27,46.2496164799295,108.779998779297,42,11,0.01,FALSE
25,"single_case",0,1.67093387203541,"single_case",1,0,0,1,FALSE,-1.2083333333333,29.6249999999999,29,27.7438291478259,102.419998168945,32,10,0.01,FALSE
26,"single_case",0,1.71094561642795,"single_case",1,0,0,1,FALSE,2.20833333333336,33.0416666666666,9,9.24313023368889,31.4400005340576,32,13,0.01,FALSE
27,"single_case",0,0.237634137292933,"single_case",1,0,0,1,TRUE,0.625000000000028,31.4583333333333,22,0,28.7099990844727,NA,NA,0.01,FALSE
28,"nonspatial_sub",0.475515021616675,0.287821715553297,"extinct",2,0,2,1,FALSE,-0.458333333333305,30.4583333333333,27,13.0812661811815,65.6600036621094,33,9,0.02,FALSE
29,"single_case",0,0.0660199106525635,"single_case",1,0,0,1,FALSE,3.04166666666669,32.4583333333333,7,20.6778043027404,64.2600021362305,30,11,0.01,FALSE
30,"single_case",0.0325219640818031,0.634252801425955,"single_case",1,0,0,1,FALSE,0.875000000000028,32.9583333333333,19,20.6816992950754,75.9800033569336,37,16,0.01,FALSE
31,"nonspatial_sub",0.281177569719193,0.325294644825287,"extinct",2,0,2,1,FALSE,0.375000000000028,30.7916666666666,17,55.5,199.5,56,5,0.02,FALSE
32,"nonspatial_hub",1.0765430770715,1.90452857038641,"extinct",1,1,1,1,TRUE,1.79166666666669,33.5416666666666,11,0,15.6300001144409,NA,NA,0.01,FALSE
33,"single_case",0,1.25224922314708,"single_case",1,0,0,1,FALSE,1.37500000000003,31.7916666666666,13,27.75,119.25,47,15,0.01,FALSE
34,"single_case",0,0.466969675273004,"single_case",1,0,0,1,TRUE,-1.29166666666664,29.9583333333333,29,0,9.34000015258789,NA,NA,0.01,FALSE
35,"single_case",0,2.30307661514163,"single_case",1,0,0,1,FALSE,1.54166666666669,34.7916666666666,16,66.6859839235883,189.809997558594,64,23,0.01,FALSE
36,"nonspatial_sub",0.796013797749355,0.338043171853961,"extinct",5,0,4,2,FALSE,0.125000000000028,31.0416666666666,22,46.2499603759831,126.48999786377,41,7,0.05,FALSE
37,"single_case",0,0.360256926018856,"single_case",1,0,0,1,FALSE,-0.958333333333305,31.2916666666666,28,33.3481196810424,80.5400009155273,31,7,0.01,FALSE
38,"single_case",0,0.765659279698867,"single_case",1,0,0,1,FALSE,0.0416666666666954,31.1249999999999,22,49.8127726492034,120.300003051758,43,7,0.01,FALSE
39,"nonspatial_sub",0.238603387205688,1.66611966946648,"extinct",2,0,2,1,FALSE,0.958333333333361,33.0416666666666,19,9.24870613329863,48.8199996948242,41,16,0.02,FALSE
40,"single_case",0,1.27575419004704,"single_case",1,0,0,1,FALSE,-0.958333333333305,31.0416666666666,28,18.5,65.5500030517578,30,7,0.01,FALSE
41,"single_case",0,2.02540982562553,"single_case",1,0,0,1,FALSE,0.958333333333361,32.8749999999999,19,27.7461183998975,103.099998474121,51,16,0.01,FALSE
42,"single_case",0,0.851773718288011,"single_case",1,0,0,1,FALSE,-0.958333333333305,31.2083333333333,28,26.1611211640577,74.6800003051758,35,7,0.01,FALSE
43,"single_case",0,0.636549250993079,"single_case",1,0,0,1,TRUE,0.958333333333361,33.2916666666666,19,0,16.7299995422363,NA,NA,0.01,FALSE
44,"single_case",0.0117501582005927,0.717105557696821,"single_case",1,0,0,1,FALSE,0.375000000000028,32.2083333333333,16,18.4996037607861,46.4199981689453,52,31,0.01,FALSE
45,"single_case",0,0.721504610856637,"single_case",1,0,0,1,FALSE,0.708333333333361,32.0416666666666,16,46.2477380640428,85.5,59,30,0.01,FALSE
46,"nonspatial_sub",0.322770789478186,0.690542656064746,"extinct",1,0,1,1,TRUE,-0.541666666666639,30.5416666666666,27,0,29.9200000762939,NA,NA,0.01,FALSE
47,"nonspatial_sub",0.597219377048507,1.34171115567466,"extinct",1,0,1,1,FALSE,0.125000000000028,31.8749999999999,26,41.3672378944174,123.879997253418,37,8,0.01,FALSE
48,"single_case",0,1.09713607887655,"single_case",1,0,0,1,FALSE,2.29166666666669,33.0416666666666,9,9.24260204867706,33.0900001525879,30,13,0.01,FALSE
49,"nonspatial_sub",0.316950867682286,1.07020367591494,"extinct",1,0,1,1,TRUE,0.791666666666694,34.1249999999999,16,0,25.7199993133545,NA,NA,0.01,FALSE
50,"single_case",0,1.37514720823033,"single_case",1,0,0,1,FALSE,2.12500000000003,34.8749999999999,12,73.949110926382,238.770004272461,63,5,0.01,FALSE
51,"single_case",0,1.64972554675034,"single_case",1,0,0,1,FALSE,1.12500000000003,34.3749999999999,16,9.25000000000002,68.6600036621094,44,25,0.01,FALSE
52,"single_case",0,0.436441220424867,"single_case",1,0,0,1,FALSE,0.708333333333361,31.6249999999999,22,20.6823643235023,82.6100006103516,28,7,0.01,FALSE
53,"single_case",0,0.7098826524737,"single_case",1,0,0,1,FALSE,1.37500000000003,34.4583333333333,16,26.1591844318063,76.6699981689453,54,23,0.01,FALSE
54,"nonspatial_sub",0.362374251923038,0.93805056116689,"extinct",1,0,1,1,FALSE,1.70833333333336,32.2916666666666,13,26.1571372890676,86.6399993896484,43,14,0.01,FALSE
55,"single_case",0,0.42451250353581,"single_case",1,0,0,1,FALSE,3.37500000000003,33.9583333333333,3,26.1402723722694,167.419998168945,39,6,0.01,FALSE
56,"nonspatial_sub",0.50353887670566,1.15613423679126,"extinct",1,0,1,1,FALSE,2.37500000000003,34.8749999999999,12,76.2157880352807,195.490005493164,52,5,0.01,FALSE
57,"single_case",0,0.741997231138625,"single_case",1,0,0,1,FALSE,1.29166666666669,32.4583333333333,13,65.3990677309712,115.309997558594,68,16,0.01,FALSE
58,"single_case",0,1.32251446309775,"single_case",1,0,0,1,FALSE,2.04166666666669,32.7083333333333,9,13.0773239404597,53.2299995422363,37,13,0.01,FALSE
59,"single_case",0,0.497888936180696,"single_case",1,0,0,1,FALSE,1.62500000000003,32.8749999999999,9,55.5,172.169998168945,49,13,0.01,FALSE
60,"single_case",0,0.540762394433478,"single_case",1,0,0,1,FALSE,0.958333333333361,31.7916666666666,22,52.3222423281151,141.940002441406,54,7,0.01,FALSE
61,"single_case",0,0.290619715642261,"single_case",1,0,0,1,FALSE,1.29166666666669,32.7083333333333,19,59.2197227288355,174.419998168945,54,16,0.01,FALSE
62,"nonspatial_sub",0.186405198609019,0.324380850112501,"extinct",1,0,1,1,TRUE,0.541666666666695,33.7083333333333,16,0,14.0699996948242,NA,NA,0.01,FALSE
63,"spatial",1.44484358000843,2.71237536724076,"extinct",1,0,1,1,FALSE,3.04166666666669,34.0416666666666,3,62.033412908221,159.779998779297,44,6,0.01,FALSE
64,"single_case",0,0.8320392698958,"single_case",1,0,0,1,FALSE,2.04166666666669,33.0416666666666,9,13.0773239404597,57.2099990844727,36,13,0.01,FALSE
65,"nonspatial_sub",0.527555753975353,1.16863661297962,"extinct",1,0,1,1,FALSE,1.04166666666669,30.2916666666666,20,37,125.5,41,8,0.01,FALSE
66,"single_case",0,1.36493298614822,"single_case",1,0,0,1,TRUE,3.54166666666669,31.7083333333333,1,0,28.5,NA,NA,0.01,FALSE
67,"single_case",0,0.921694975271081,"single_case",1,0,0,1,FALSE,1.37500000000003,31.7083333333333,13,27.75,109.550003051758,48,15,0.01,FALSE
68,"nonspatial_sub",0.0675304191181372,0.441564735187475,"extinct",1,0,1,1,FALSE,-0.708333333333305,31.2083333333333,28,20.6823643235026,85.75,31,7,0.01,FALSE
69,"single_case",0,0.314107056784681,"single_case",1,0,0,1,FALSE,1.29166666666669,31.9583333333333,13,41.3651555008903,136.860000610352,43,15,0.01,FALSE
70,"single_case",0,0.578512294612173,"single_case",1,0,0,1,FALSE,-0.208333333333305,31.3749999999999,26,26.1628644274631,75.1699981689453,41,8,0.01,FALSE
71,"single_case",0,0.629902573747772,"single_case",1,0,0,1,FALSE,2.12500000000003,32.5416666666666,9,27.7309165973934,79.2600021362305,44,13,0.01,FALSE
72,"single_case",0,0.6723999107424,"single_case",1,0,0,1,FALSE,2.12500000000003,34.7916666666666,12,64.705472060584,214.759994506836,63,5,0.01,FALSE
73,"single_case",0,2.43376467510931,"single_case",1,0,0,1,FALSE,-0.874999999999972,30.4583333333333,27,20.6831464345486,85.6500015258789,29,10,0.01,FALSE
74,"single_case",0,2.25644646130191,"single_case",1,0,0,1,FALSE,0.708333333333361,31.5416666666666,22,13.0809756326705,55.5499992370605,33,7,0.01,FALSE
75,"single_case",0,2.35552919236543,"single_case",1,0,0,1,FALSE,1.62500000000003,33.3749999999999,11,18.4925599802763,77.0299987792969,42,16,0.01,FALSE
76,"spatial",1.57446848162456,0.268744689062085,"extinct",2,0,2,1,FALSE,2.87500000000003,34.1249999999999,12,74.5744409762582,205.529998779297,59,5,0.02,FALSE
77,"single_case",0,0.666791661715422,"single_case",1,0,0,1,FALSE,1.12500000000003,32.4583333333333,16,56.2652603051535,103.400001525879,70,29,0.01,FALSE
78,"single_case",0,0.445920425928566,"single_case",1,0,0,1,FALSE,1.79166666666669,33.3749999999999,11,18.4909556886175,51.8400001525879,46,24,0.01,FALSE
79,"single_case",0,1.38905717549807,"single_case",1,0,0,1,FALSE,1.45833333333336,32.4583333333333,13,53.9234598957021,144.669998168945,50,16,0.01,FALSE
80,"single_case",0,0.318742786345059,"single_case",1,0,0,1,FALSE,1.12500000000003,30.2916666666666,20,46.25,172.960006713867,41,8,0.01,FALSE
81,"single_case",0,1.39386563596927,"single_case",1,0,0,1,FALSE,1.37500000000003,31.2083333333333,14,29.250226196293,82.9100036621094,29,6,0.01,FALSE
82,"single_case",0,0.870633694988182,"single_case",1,0,0,1,TRUE,0.291666666666695,32.5416666666666,16,0,0,NA,NA,0.01,FALSE
83,"single_case",0,0.563596173413867,"single_case",1,0,0,1,FALSE,1.37500000000003,33.5416666666666,11,27.75,106.650001525879,48,16,0.01,FALSE
84,"single_case",0,0.346954735552639,"single_case",1,0,0,1,FALSE,1.37500000000003,32.5416666666666,13,66.6894022407993,157.009994506836,54,16,0.01,FALSE
85,"spatial",1.2730020374516,1.12468744457188,"extinct",2,0,2,1,FALSE,2.12500000000003,33.0416666666666,9,9.24363886579805,41.5499992370605,34,13,0.02,FALSE
86,"single_case",0,0.508270250307471,"single_case",1,0,0,1,FALSE,1.20833333333336,33.2916666666666,19,27.75,81.4599990844727,53,21,0.01,FALSE
87,"single_case",0,0.921112776274071,"single_case",1,0,0,1,FALSE,1.37500000000003,33.7083333333333,15,27.7420095308322,80.9499969482422,54,18,0.01,FALSE
88,"single_case",0,0.799630339831549,"single_case",1,0,0,1,FALSE,2.29166666666669,34.8749999999999,12,74.5171579458923,239.279998779297,56,5,0.01,FALSE
89,"single_case",0,1.09492299195468,"single_case",1,0,0,1,TRUE,1.79166666666669,33.6249999999999,11,0,9.61999988555908,NA,NA,0.01,FALSE
90,"single_case",0,2.68809064386932,"single_case",1,0,0,1,FALSE,1.70833333333336,34.9583333333333,16,92.4736897638774,195.100006103516,71,23,0.01,FALSE
91,"single_case",0,0.536657195719168,"single_case",1,0,0,1,FALSE,0.125000000000028,30.4583333333333,23,38.1386416125867,101.809997558594,43,14,0.01,FALSE
92,"single_case",0,0.270598814311383,"single_case",1,0,0,1,FALSE,3.12500000000003,34.1249999999999,3,59.1945442039484,158.899993896484,44,6,0.01,FALSE
93,"single_case",0,0.213603251727108,"single_case",1,0,0,1,FALSE,1.62500000000003,32.9583333333333,9,55.5,162.039993286133,49,13,0.01,FALSE
94,"nonspatial_sub",0.806473654905469,0.242942475590839,"extinct",2,0,2,1,TRUE,-1.4583333333333,30.0416666666666,29,0,18.6800003051758,NA,NA,0.02,FALSE
95,"single_case",0.0407977605748945,1.36017475772324,"single_case",1,0,0,1,FALSE,2.54166666666669,32.4583333333333,7,20.6673521552501,53.1699981689453,31,11,0.01,FALSE
96,"nonspatial_sub",0.151504429527854,1.27560165789298,"extinct",1,0,1,1,TRUE,3.29166666666669,31.7083333333333,1,0,21.5799999237061,NA,NA,0.01,FALSE
97,"single_case",0,0.999555171578752,"single_case",1,0,0,1,FALSE,3.70833333333336,31.6249999999999,1,9.23063255233005,37.3800010681152,33,20,0.01,FALSE
98,"single_case",0,1.80582096045449,"single_case",1,0,0,1,FALSE,0.708333333333361,31.7083333333333,22,26.1619512653413,106.360000610352,40,7,0.01,FALSE
99,"nonspatial_sub",0.643163555737526,0.223255117029348,"extinct",2,0,2,1,FALSE,2.62500000000003,34.7916666666666,12,79.516230722616,152.779998779297,54,5,0.02,FALSE
100,"single_case",0,1.31964973643879,"single_case",1,0,0,1,FALSE,0.375000000000028,31.6249999999999,22,20.6835401908504,80.2799987792969,28,7,0.01,FALSE
101,"single_case",0,1.67890252396021,"single_case",1,0,0,1,FALSE,0.375000000000028,33.8749999999999,24,9.24999999999997,44.1699981689453,35,23,0.01,FALSE
102,"single_case",0,1.65719401830377,"single_case",1,0,0,1,FALSE,1.79166666666669,34.5416666666666,12,52.3131127836383,146.570007324219,56,5,0.01,FALSE
103,"single_case",0,0.640799027238989,"single_case",1,0,0,1,FALSE,1.95833333333336,34.7916666666666,12,67.3046546240117,229.339996337891,51,5,0.01,FALSE
104,"single_case",0,0.87538870607564,"single_case",1,0,0,1,FALSE,-0.458333333333305,31.1249999999999,28,38.1386552581881,85.2300033569336,39,7,0.01,FALSE
105,"nonspatial_sub",0.316160148339185,1.60688527137054,"extinct",2,0,2,1,FALSE,2.54166666666669,32.6249999999999,9,29.2251711114843,81.75,40,16,0.02,FALSE
106,"nonspatial_sub",0.455500693430842,2.34736757585143,"extinct",1,0,1,1,FALSE,1.62500000000003,33.7083333333333,11,9.24627999013854,44.5800018310547,40,18,0.01,FALSE
107,"spatial",5.74046061896658,1.07077859594938,"hub_established",1900,1030,5,1484,FALSE,-0.791666666666638,30.7916666666666,27,13.0808511151729,42.0299987792969,32,11,NA,TRUE
108,"nonspatial_sub",0.112362031840044,1.43516057678118,"extinct",1,0,1,1,FALSE,2.79166666666669,31.2916666666666,4,38.0961291535969,95.0400009155273,41,15,0.01,FALSE
109,"single_case",0,1.33189760817218,"single_case",1,0,0,1,FALSE,1.45833333333336,33.4583333333333,11,20.6822890678214,58.2299995422363,35,16,0.01,FALSE
110,"single_case",0,0.521565174037579,"single_case",1,0,0,1,FALSE,1.45833333333336,34.7916666666666,16,62.0348081246144,183.089996337891,59,23,0.01,FALSE
111,"single_case",0,2.28115583352185,"single_case",1,0,0,1,FALSE,3.45833333333336,31.3749999999999,4,9.233155104693,48.9700012207031,45,20,0.01,FALSE
112,"single_case",0.0237585469362173,0.683114653133773,"single_case",1,0,0,1,FALSE,1.37500000000003,31.2916666666666,14,27.75,68.2300033569336,37,6,0.01,FALSE
113,"nonspatial_sub",0.416637609323434,0.585506446262721,"extinct",1,0,1,1,FALSE,0.208333333333361,30.4583333333333,23,36.9997554072891,92.5,53,14,0.01,FALSE
114,"single_case",0,1.46608585635038,"single_case",1,0,0,1,FALSE,1.87500000000003,33.1249999999999,9,33.3458559380202,84.3300018310547,38,13,0.01,FALSE
115,"single_case",0,1.05245373586619,"single_case",1,0,0,1,FALSE,-1.04166666666664,30.5416666666666,27,37,129.110000610352,37,10,0.01,FALSE
116,"single_case",0,0.595773836729747,"single_case",1,0,0,1,FALSE,-0.874999999999972,31.0416666666666,28,9.25000000000007,33.0800018310547,30,7,0.01,FALSE
117,"single_case",0,0.98364304278206,"single_case",1,0,0,1,TRUE,0.541666666666695,31.5416666666666,22,0,29.9799995422363,NA,NA,0.01,FALSE
118,"single_case",0,1.53586543666051,"single_case",1,0,0,1,TRUE,0.875000000000028,30.7916666666666,17,0,24.2900009155273,NA,NA,0.01,FALSE
119,"single_case",0,1.33396476422514,"single_case",1,0,0,1,FALSE,1.87500000000003,33.2916666666666,11,29.2369734845831,64.3300018310547,45,24,0.01,FALSE
120,"nonspatial_sub",0.131455220507414,0.524030885296103,"extinct",1,0,1,1,FALSE,1.37500000000003,31.7916666666666,13,27.75,119.25,47,15,0.01,FALSE
121,"single_case",0,0.864973025423932,"single_case",1,0,0,1,FALSE,1.20833333333336,34.3749999999999,16,9.24794304927555,61.1199989318848,45,23,0.01,FALSE
122,"single_case",0,0.817429480395194,"single_case",1,0,0,1,FALSE,0.875000000000028,34.0416666666666,16,9.25000000000002,34.2200012207031,49,34,0.01,FALSE
123,"single_case",0,1.44448531168563,"single_case",1,0,0,1,FALSE,1.45833333333336,33.7916666666666,15,18.4940077954933,44.4700012207031,48,17,0.01,FALSE
124,"single_case",0,1.27383216251932,"single_case",1,0,0,1,TRUE,1.87500000000003,31.9583333333333,13,0,27.9799995422363,NA,NA,0.01,FALSE
125,"nonspatial_sub",0.512362169976006,0.535815734069014,"extinct",2,0,2,1,FALSE,1.04166666666669,33.7083333333333,16,27.7454140079392,76.0500030517578,59,28,0.02,FALSE
126,"single_case",0,1.33240461196719,"single_case",1,0,0,1,FALSE,2.29166666666669,31.2916666666666,10,27.7278061460304,124.319999694824,27,1,0.01,FALSE
127,"nonspatial_sub",0.113173360421371,1.23627154052728,"extinct",1,0,1,1,FALSE,1.62500000000003,34.7916666666666,16,72.2276641711272,223.529998779297,68,23,0.01,FALSE
128,"nonspatial_hub",4.26522004185653,1.23033496344623,"hub_established",933,933,5,707,TRUE,3.37500000000003,30.9583333333333,4,0,12.3900003433228,NA,NA,NA,TRUE
129,"single_case",0,1.62594083308569,"single_case",1,0,0,1,FALSE,0.375000000000028,33.5416666666666,16,13.0813353609835,57.9300003051758,55,39,0.01,FALSE
130,"nonspatial_sub",0.258613665412295,1.31024109943983,"extinct",1,0,1,1,FALSE,1.20833333333336,32.8749999999999,19,39.2400631470408,150.070007324219,56,16,0.01,FALSE
131,"nonspatial_sub",0.169182813578875,0.558490802470724,"extinct",6,0,2,5,TRUE,1.04166666666669,30.8749999999999,17,0,24.0400009155273,NA,NA,0.06,FALSE
132,"single_case",0,1.05889043587615,"single_case",1,0,0,1,FALSE,3.54166666666669,31.3749999999999,4,13.068989520528,49.7099990844727,46,20,0.01,FALSE
133,"single_case",0,1.01918109342606,"single_case",1,0,0,1,FALSE,1.45833333333336,34.7916666666666,16,62.0348081246144,183.089996337891,59,23,0.01,FALSE
134,"nonspatial_sub",0.245738677537246,0.869798168887891,"extinct",1,0,1,1,FALSE,0.791666666666694,33.0416666666666,16,18.5,55.560001373291,64,41,0.01,FALSE
135,"nonspatial_sub",0.844596108521285,0.542016974394281,"extinct",6,0,4,3,FALSE,0.541666666666695,30.1249999999999,20,9.24958664094186,131.199996948242,34,11,0.06,FALSE
136,"single_case",0,1.32901382567967,"single_case",1,0,0,1,FALSE,2.20833333333336,34.9583333333333,12,83.1881721031977,172.860000610352,63,5,0.01,FALSE
137,"nonspatial_sub",0.337171282159235,0.970927264768179,"extinct",1,0,1,1,FALSE,0.875000000000028,33.8749999999999,16,13.0807127647154,53.2299995422363,60,36,0.01,FALSE
138,"single_case",0,1.09479298735235,"single_case",1,0,0,1,FALSE,0.458333333333361,31.6249999999999,22,13.0812661811814,46.2999992370605,33,7,0.01,FALSE
139,"single_case",0.042650644602682,1.33805075419868,"single_case",1,0,0,1,FALSE,-0.541666666666639,31.7083333333333,26,18.5,50.9500007629395,31,8,0.01,FALSE
140,"single_case",0,0.811359198450275,"single_case",1,0,0,1,FALSE,-0.708333333333305,30.7916666666666,27,9.24929313528983,44.3800010681152,31,11,0.01,FALSE
141,"single_case",0,1.62229064000352,"single_case",1,0,0,1,FALSE,0.125000000000028,31.3749999999999,22,38.1387216979454,152.910003662109,37,7,0.01,FALSE
142,"single_case",0,1.54699640366394,"single_case",1,0,0,1,FALSE,-0.208333333333305,30.4583333333333,25,36.9997554072891,97.9400024414062,51,8,0.01,FALSE
143,"single_case",0,0.803597999425351,"single_case",1,0,0,1,FALSE,0.458333333333361,33.8749999999999,16,9.24970404407231,35.5099983215332,49,34,0.01,FALSE
144,"nonspatial_sub",0.298341126993015,0.54412491126593,"extinct",1,0,1,1,TRUE,3.45833333333336,31.2083333333333,4,0,8.68000030517578,NA,NA,0.01,FALSE
145,"nonspatial_sub",0.747005894389489,0.618494671749272,"extinct",3,0,2,2,FALSE,1.29166666666669,34.3749999999999,16,13.0798135461945,56.2299995422363,47,23,0.03,FALSE
146,"nonspatial_sub",0.314370293605469,1.23930781400401,"extinct",5,0,4,2,FALSE,-0.958333333333305,29.7083333333333,29,26.1611211640577,121.769996643066,40,10,0.05,FALSE
147,"single_case",0,0.547454988411828,"single_case",1,0,0,1,FALSE,1.87500000000003,32.7916666666666,9,27.75,98.120002746582,43,13,0.01,FALSE
148,"nonspatial_sub",0.724780640752523,1.74500366433095,"extinct",1,0,1,1,FALSE,0.125000000000028,31.4583333333333,22,41.3672378944176,162.690002441406,38,7,0.01,FALSE
149,"single_case",0,1.2594319899074,"single_case",1,0,0,1,FALSE,1.37500000000003,31.9583333333333,13,33.3483947160465,124.949996948242,40,15,0.01,FALSE
150,"single_case",0,1.43485271894548,"single_case",1,0,0,1,FALSE,0.958333333333361,31.7916666666666,22,52.3222423281151,141.940002441406,54,7,0.01,FALSE
151,"nonspatial_sub",0.251643982877643,0.733840477780622,"extinct",2,0,2,1,TRUE,0.625000000000028,33.7916666666666,16,0,24.3700008392334,NA,NA,0.02,FALSE
152,"single_case",0,1.49742951904017,"single_case",1,0,0,1,FALSE,-0.0416666666666385,31.3749999999999,26,39.2444211672533,103.580001831055,46,8,0.01,FALSE
153,"nonspatial_sub",0.279867890503969,0.94808036193332,"extinct",5,0,3,2,FALSE,0.291666666666695,32.2083333333333,16,18.4997602993967,50.7200012207031,51,30,0.05,FALSE
154,"single_case",0,0.227041167360012,"single_case",1,0,0,1,TRUE,3.04166666666669,30.8749999999999,4,0,6.67000007629395,NA,NA,0.01,FALSE
155,"single_case",0,0.853196487577434,"single_case",1,0,0,1,FALSE,-0.458333333333305,31.7083333333333,26,9.24999999999997,30.1900005340576,28,8,0.01,FALSE
156,"nonspatial_sub",0.535192146087339,0.538884502127079,"extinct",1,0,1,1,FALSE,3.29166666666669,33.9583333333333,3,33.3344285790373,190.830001831055,32,6,0.01,FALSE
157,"single_case",0,0.744205891146943,"single_case",1,0,0,1,FALSE,2.37500000000003,31.1249999999999,10,13.075858209071,100.910003662109,21,1,0.01,FALSE
158,"single_case",0,0.600420333693061,"single_case",1,0,0,1,FALSE,1.12500000000003,31.5416666666666,13,56.2652603051533,121.26000213623,57,14,0.01,FALSE
159,"single_case",0,0.420309566829404,"single_case",1,0,0,1,FALSE,0.291666666666695,31.4583333333333,22,26.1627814105295,113.169998168945,41,7,0.01,FALSE
160,"single_case",0,0.565392791964117,"single_case",1,0,0,1,FALSE,0.125000000000028,31.2916666666666,22,37,165.059997558594,46,7,0.01,FALSE
161,"nonspatial_sub",0.987636622186733,0.310236907059297,"extinct",1,0,1,1,FALSE,1.79166666666669,33.1249999999999,9,41.3632136357708,98.3899993896484,41,13,0.01,FALSE
162,"single_case",0,0.44491867891845,"single_case",1,0,0,1,FALSE,-0.958333333333305,31.1249999999999,28,20.6830501894697,76.3399963378906,25,7,0.01,FALSE
163,"single_case",0,0.280317111148027,"single_case",1,0,0,1,FALSE,1.62500000000003,31.2083333333333,14,9.24627999013815,78.3399963378906,24,6,0.01,FALSE
164,"single_case",0,0.750235060675608,"single_case",1,0,0,1,FALSE,0.958333333333361,32.4583333333333,16,38.138413248851,79.9100036621094,57,29,0.01,FALSE
165,"single_case",0,1.5857731003795,"single_case",1,0,0,1,FALSE,-0.458333333333305,30.8749999999999,27,20.6830993715082,58.2999992370605,30,11,0.01,FALSE
166,"single_case",0,0.601773350919648,"single_case",1,0,0,1,FALSE,2.62500000000003,31.2083333333333,4,39.223841805976,100.389999389648,49,15,0.01,FALSE
167,"single_case",0,0.736313567717467,"single_case",1,0,0,1,FALSE,1.20833333333336,34.3749999999999,16,9.24794304927555,61.1199989318848,45,23,0.01,FALSE
168,"single_case",0,0.655304461122481,"single_case",1,0,0,1,FALSE,0.791666666666694,33.0416666666666,16,18.5,55.560001373291,64,41,0.01,FALSE
169,"single_case",0,2.32483289660766,"single_case",1,0,0,1,FALSE,1.54166666666669,33.9583333333333,15,9.25000000000002,32.1699981689453,44,17,0.01,FALSE
170,"single_case",0,1.53915664086573,"single_case",1,0,0,1,FALSE,1.37500000000003,31.9583333333333,13,33.3483947160465,124.949996948242,40,15,0.01,FALSE
171,"nonspatial_sub",0.0672292134496905,0.440584523979424,"extinct",1,0,1,1,TRUE,0.875000000000028,33.2083333333333,19,0,21.7600002288818,NA,NA,0.01,FALSE
172,"single_case",0,0.462590516272123,"single_case",1,0,0,1,FALSE,1.29166666666669,33.7916666666666,15,20.6794243056437,85.1399993896484,41,18,0.01,FALSE
173,"single_case",0,0.796601110095913,"single_case",1,0,0,1,FALSE,1.62500000000003,32.7916666666666,9,55.5,186.570007324219,50,13,0.01,FALSE
174,"single_case",0,1.87964064367349,"single_case",1,0,0,1,FALSE,0.291666666666695,30.4583333333333,20,33.3512163366668,72.9000015258789,36,10,0.01,FALSE
175,"single_case",0,1.44431058413034,"single_case",1,0,0,1,TRUE,0.458333333333361,33.2083333333333,16,0,1.53999996185303,NA,NA,0.01,FALSE
176,"single_case",0,0.776578811551776,"single_case",1,0,0,1,FALSE,-0.791666666666638,31.5416666666666,26,46.2499999999999,84.4899978637695,52,8,0.01,FALSE
177,"nonspatial_sub",0.288183504271859,0.802842097048982,"extinct",1,0,1,1,FALSE,2.70833333333336,33.3749999999999,8,9.23966787063146,32.5299987792969,33,9,0.01,FALSE
178,"single_case",0,0.422627284176932,"single_case",1,0,0,1,FALSE,1.45833333333336,34.7916666666666,16,62.0348081246144,183.089996337891,59,23,0.01,FALSE
179,"nonspatial_sub",0.275511083192101,0.596310921913232,"extinct",1,0,1,1,FALSE,1.79166666666669,33.2916666666666,11,27.7364335329266,67.7600021362305,51,24,0.01,FALSE
180,"nonspatial_sub",0.12067218934696,1.3540749629932,"extinct",1,0,1,1,FALSE,2.37500000000003,32.4583333333333,7,33.3425369702865,71.2699966430664,37,11,0.01,FALSE
181,"nonspatial_sub",0.0867084413272015,1.09060554243804,"extinct",1,0,1,1,FALSE,-0.958333333333305,29.9583333333333,29,20.6830501894697,75.5,32,10,0.01,FALSE
182,"nonspatial_sub",0.140738580412435,1.99040322033043,"extinct",1,0,1,1,FALSE,1.95833333333336,34.5416666666666,12,41.3479300236813,147.929992675781,38,5,0.01,FALSE
183,"single_case",0,0.608796990260517,"single_case",1,0,0,1,FALSE,1.12500000000003,33.5416666666666,19,33.3468987292681,114.220001220703,48,21,0.01,FALSE
184,"single_case",0,1.78547341762517,"single_case",1,0,0,1,FALSE,0.208333333333361,30.8749999999999,22,53.9360428568995,164.820007324219,45,7,0.01,FALSE
185,"nonspatial_sub",0.606649830243528,0.656261727809305,"extinct",1,0,1,1,FALSE,1.04166666666669,30.3749999999999,20,37,189.339996337891,43,8,0.01,FALSE
186,"nonspatial_sub",0.182034328466018,1.57129335785026,"extinct",1,0,1,1,FALSE,1.20833333333336,33.9583333333333,16,13.0800210490132,56.8899993896484,42,25,0.01,FALSE
187,"nonspatial_sub",0.116969954567364,1.51895870671834,"extinct",2,0,2,1,FALSE,-0.791666666666638,30.7916666666666,27,13.0808511151729,42.0299987792969,32,11,0.02,FALSE
188,"nonspatial_sub",0.364994417169511,0.927154249768378,"extinct",1,0,1,1,FALSE,2.20833333333336,32.2916666666666,13,20.6805574517935,58.0200004577637,33,10,0.01,FALSE
189,"single_case",0,0.695079812357483,"single_case",1,0,0,1,FALSE,2.70833333333336,31.8749999999999,7,29.2216642448059,101.529998779297,35,11,0.01,FALSE
190,"single_case",0,0.506506521401083,"single_case",1,0,0,1,TRUE,2.29166666666669,32.9583333333333,9,0,11.6099996566772,NA,NA,0.01,FALSE
191,"single_case",0,0.4979922037558,"single_case",1,0,0,1,FALSE,0.708333333333361,31.2916666666666,22,13.0809756326705,61.3800010681152,32,7,0.01,FALSE
192,"nonspatial_sub",0.068014804351025,0.831254263723242,"extinct",1,0,1,1,FALSE,0.791666666666694,33.5416666666666,16,9.24999999999997,40.5299987792969,49,33,0.01,FALSE
193,"single_case",0,1.01302775278545,"single_case",1,0,0,1,FALSE,-0.458333333333305,31.8749999999999,26,13.0812661811814,102.279998779297,22,8,0.01,FALSE
194,"single_case",0,0.497049774190324,"single_case",1,0,0,1,FALSE,0.791666666666694,33.8749999999999,16,20.6832339322778,60.560001373291,59,41,0.01,FALSE
195,"single_case",0,1.26986562113668,"single_case",1,0,0,1,FALSE,3.37500000000003,34.3749999999999,3,66.6226279672883,279.369995117188,47,6,0.01,FALSE
196,"single_case",0,0.781662755374377,"single_case",1,0,0,1,FALSE,0.458333333333361,31.8749999999999,22,38.1375785603485,77.7200012207031,37,7,0.01,FALSE
197,"single_case",0,0.78172205878508,"single_case",1,0,0,1,TRUE,0.208333333333361,32.7916666666666,16,0,28.5400009155273,NA,NA,0.01,FALSE
198,"single_case",0,0.840461693296726,"single_case",1,0,0,1,FALSE,1.37500000000003,34.2083333333333,15,18.4946730205553,66.6100006103516,46,17,0.01,FALSE
199,"spatial",1.05240258572269,0.420280132605675,"extinct",1,0,1,1,FALSE,-0.958333333333305,30.2083333333333,29,29.2506592257358,69.5199966430664,34,10,0.01,FALSE
200,"nonspatial_sub",0.167715312776408,0.856331295903593,"extinct",1,0,1,1,FALSE,-0.291666666666639,31.2916666666666,26,29.2507272568405,87.3099975585938,33,8,0.01,FALSE
201,"nonspatial_sub",0.376431860206332,0.919086651570426,"extinct",1,0,1,1,TRUE,-1.2083333333333,29.9583333333333,29,0,9.69999980926514,NA,NA,0.01,FALSE
202,"single_case",0,1.95859522731678,"single_case",1,0,0,1,TRUE,-0.291666666666639,31.7916666666666,26,0,9.73999977111816,NA,NA,0.01,FALSE
203,"nonspatial_sub",0.318935877799329,0.938318992749355,"extinct",1,0,1,1,TRUE,3.45833333333336,30.9583333333333,4,0,15.8900003433228,NA,NA,0.01,FALSE
204,"single_case",0,0.432994611768792,"single_case",1,0,0,1,TRUE,1.12500000000003,34.2083333333333,16,0,8.42000007629395,NA,NA,0.01,FALSE
205,"single_case",0,0.694428546833946,"single_case",1,0,0,1,FALSE,2.54166666666669,32.9583333333333,9,9.25000000000002,39.7000007629395,41,18,0.01,FALSE
206,"single_case",0,1.18534392124015,"single_case",1,0,0,1,FALSE,2.04166666666669,34.0416666666666,11,18.4882558878563,45.2000007629395,50,25,0.01,FALSE
207,"nonspatial_sub",0.299913371710723,0.36771871063408,"extinct",2,0,2,1,FALSE,1.54166666666669,33.5416666666666,11,9.24999999999997,38.4000015258789,38,16,0.02,FALSE
208,"single_case",0,2.34532938246604,"single_case",1,0,0,1,FALSE,2.45833333333336,34.7083333333333,12,62.0052051624266,165.419998168945,47,5,0.01,FALSE
209,"single_case",0,1.08487069539117,"single_case",1,0,0,1,TRUE,1.04166666666669,34.0416666666666,16,0,16.1700000762939,NA,NA,0.01,FALSE
210,"single_case",0,0.574477326464929,"single_case",1,0,0,1,FALSE,1.29166666666669,34.0416666666666,15,9.25000000000002,32.560001373291,39,17,0.01,FALSE
211,"single_case",0,1.27169663371702,"single_case",1,0,0,1,FALSE,0.875000000000028,33.3749999999999,19,9.24892136592089,35.75,51,29,0.01,FALSE
212,"single_case",0,0.62152419196158,"single_case",1,0,0,1,FALSE,2.45833333333336,32.5416666666666,9,33.3301026372355,66.2900009155273,36,13,0.01,FALSE
213,"single_case",0,1.13046022791423,"single_case",1,0,0,1,FALSE,0.375000000000028,33.5416666666666,16,13.0813353609835,57.9300003051758,55,39,0.01,FALSE
214,"single_case",0,2.2122114926159,"single_case",1,0,0,1,TRUE,2.04166666666669,33.7083333333333,11,0,15.7700004577637,NA,NA,0.01,FALSE
215,"single_case",0,0.406933683261788,"single_case",1,0,0,1,FALSE,0.541666666666695,30.6249999999999,20,33.3503174985581,71.6800003051758,35,8,0.01,FALSE
216,"spatial",2.63079385488047,1.84840017061003,"hub_established",1175,523,11,476,FALSE,0.291666666666695,31.2083333333333,22,20.6835751934665,85.4499969482422,29,7,NA,TRUE
217,"single_case",0,0.400923576938288,"single_case",1,0,0,1,FALSE,3.54166666666669,34.0416666666666,3,26.1379790410559,70.8499984741211,40,6,0.01,FALSE
218,"single_case",0,1.4322169138256,"single_case",1,0,0,1,TRUE,3.04166666666669,30.7916666666666,4,0,27.4200000762939,NA,NA,0.01,FALSE
219,"single_case",0,1.07446932438086,"single_case",1,0,0,1,FALSE,1.87500000000003,32.7916666666666,9,27.75,98.120002746582,43,13,0.01,FALSE
220,"nonspatial_sub",0.1114291458996,1.08733491065481,"extinct",2,0,2,1,FALSE,2.62500000000003,30.8749999999999,4,20.679289870733,70.0899963378906,30,14,0.02,FALSE
221,"single_case",0,1.58356841629374,"single_case",1,0,0,1,FALSE,1.87500000000003,34.9583333333333,12,87.7109204537492,184.940002441406,53,5,0.01,FALSE
222,"single_case",0,0.794067209806328,"single_case",1,0,0,1,FALSE,0.375000000000028,31.2916666666666,22,9.25000000000002,51,31,7,0.01,FALSE
223,"single_case",0,0.370304855131558,"single_case",1,0,0,1,FALSE,0.291666666666695,33.1249999999999,16,9.24988014969794,38.7599983215332,47,35,0.01,FALSE
224,"spatial",1.18600644921526,0.912345802322781,"extinct",1,0,1,1,FALSE,-0.0416666666666385,30.7916666666666,27,56.2655530031502,126.589996337891,51,11,0.01,FALSE
225,"single_case",0,0.432687616383742,"single_case",1,0,0,1,FALSE,1.70833333333336,33.9583333333333,11,27.7376660897776,69.0800018310547,53,23,0.01,FALSE
226,"nonspatial_sub",0.311584415941158,0.320890378176242,"extinct",1,0,1,1,FALSE,0.625000000000028,32.0416666666666,16,41.3652886794733,82.3399963378906,56,30,0.01,FALSE
227,"single_case",0,0.715435822019074,"single_case",1,0,0,1,TRUE,3.62500000000003,32.0416666666666,1,0,14.5500001907349,NA,NA,0.01,FALSE
228,"single_case",0,0.521659423217911,"single_case",1,0,0,1,FALSE,1.12500000000003,30.2916666666666,20,46.25,172.960006713867,41,8,0.01,FALSE
229,"single_case",0,1.08718489690781,"single_case",1,0,0,1,FALSE,1.12500000000003,32.9583333333333,19,26.1604294465264,113.949996948242,50,16,0.01,FALSE
230,"single_case",0,0.3722029760564,"single_case",1,0,0,1,FALSE,0.791666666666694,32.1249999999999,16,46.2471745553953,115.080001831055,60,31,0.01,FALSE
231,"single_case",0,0.975731468825328,"single_case",1,0,0,1,FALSE,2.62500000000003,33.2916666666666,8,9.24999999999997,32.2200012207031,33,9,0.01,FALSE
232,"single_case",0,0.92065810521616,"single_case",1,0,0,1,TRUE,3.54166666666669,31.7916666666666,1,0,14.5799999237061,NA,NA,0.01,FALSE
233,"single_case",0,1.39629460485523,"single_case",1,0,0,1,FALSE,2.20833333333336,31.2916666666666,10,29.23151738539,117.480003356934,17,1,0.01,FALSE
234,"single_case",0,0.802038090064997,"single_case",1,0,0,1,FALSE,-0.791666666666638,30.2916666666666,27,29.2485554015223,68.3000030517578,33,10,0.01,FALSE
235,"nonspatial_sub",0.110116126928984,0.826861139830398,"extinct",1,0,1,1,FALSE,3.62500000000003,33.5416666666666,3,18.4629858639918,117.069999694824,35,6,0.01,FALSE
236,"nonspatial_sub",0.276238906852707,2.74761684652289,"extinct",2,0,2,1,FALSE,0.208333333333361,34.0416666666666,24,18.4998777036443,38.0299987792969,29,19,0.02,FALSE
237,"single_case",0,1.44191032156181,"single_case",1,0,0,1,FALSE,-0.958333333333305,31.1249999999999,28,20.6830501894697,76.3399963378906,25,7,0.01,FALSE
238,"nonspatial_sub",0.735027930426541,0.611725971999072,"extinct",1,0,1,1,TRUE,0.375000000000028,32.9583333333333,16,0,4.73000001907349,NA,NA,0.01,FALSE
239,"single_case",0,1.28954009409122,"single_case",1,0,0,1,TRUE,0.958333333333361,33.9583333333333,16,0,29.4200000762939,NA,NA,0.01,FALSE
240,"single_case",0,1.07590313122921,"single_case",1,0,0,1,FALSE,1.12500000000003,31.3749999999999,14,55.5,138.800003051758,58,9,0.01,FALSE
241,"single_case",0,1.89620144376204,"single_case",1,0,0,1,TRUE,0.125000000000028,30.0416666666666,23,0,15.7399997711182,NA,NA,0.01,FALSE
242,"single_case",0,1.93013344708618,"single_case",1,0,0,1,FALSE,2.70833333333336,30.7916666666666,4,9.24999999999997,68.0599975585938,27,14,0.01,FALSE
243,"single_case",0,0.272459702111046,"single_case",1,0,0,1,FALSE,2.04166666666669,33.9583333333333,11,9.24412794392856,37.8400001525879,47,25,0.01,FALSE
244,"single_case",0,0.955302835751078,"single_case",1,0,0,1,FALSE,-0.458333333333305,30.7083333333333,27,9.25000000000007,34.2400016784668,32,11,0.01,FALSE
245,"single_case",0,0.694457365764711,"single_case",1,0,0,1,FALSE,-0.208333333333305,30.7083333333333,27,37.0000000000001,79.2399978637695,47,11,0.01,FALSE
246,"single_case",0,0.826442985536337,"single_case",1,0,0,1,FALSE,2.95833333333336,34.2083333333333,3,79.5356993567041,184,54,6,0.01,FALSE
247,"single_case",0,1.10571806682896,"single_case",1,0,0,1,FALSE,-0.208333333333305,31.1249999999999,26,49.8124905928353,129.270004272461,43,8,0.01,FALSE
248,"single_case",0,0.202729850136717,"single_case",1,0,0,1,FALSE,1.45833333333336,31.2083333333333,14,20.6822890678216,86.6800003051758,25,6,0.01,FALSE
249,"single_case",0,1.02507694949785,"single_case",1,0,0,1,TRUE,-1.37499999999997,30.0416666666666,29,0,25.3199996948242,NA,NA,0.01,FALSE
250,"nonspatial_sub",0.180036569362914,1.24281002300352,"extinct",1,0,1,1,FALSE,1.87500000000003,34.5416666666666,12,46.234153317183,149.949996948242,41,5,0.01,FALSE
251,"single_case",0,0.662452084467262,"single_case",1,0,0,1,TRUE,1.87500000000003,33.6249999999999,11,0,24.9200000762939,NA,NA,0.01,FALSE
252,"single_case",0,1.21831287031814,"single_case",1,0,0,1,TRUE,0.708333333333361,30.3749999999999,20,0,28.7600002288818,NA,NA,0.01,FALSE
253,"single_case",0,0.667111815810668,"single_case",1,0,0,1,TRUE,0.958333333333361,34.2083333333333,16,0,17.0499992370605,NA,NA,0.01,FALSE
254,"single_case",0,0.305951861898716,"single_case",1,0,0,1,FALSE,1.12500000000003,30.2916666666666,20,46.25,172.960006713867,41,8,0.01,FALSE
255,"single_case",0,2.19253718164989,"single_case",1,0,0,1,FALSE,3.20833333333336,31.0416666666666,4,9.23550187109245,36.8300018310547,41,26,0.01,FALSE
256,"nonspatial_sub",0.118781276872423,0.704073584549188,"extinct",1,0,1,1,TRUE,2.79166666666669,32.2916666666666,7,0,2.33999991416931,NA,NA,0.01,FALSE
257,"single_case",0,0.258576120479083,"single_case",1,0,0,1,FALSE,2.54166666666669,32.3749999999999,7,13.0750424961938,38.5800018310547,35,11,0.01,FALSE
258,"single_case",0,0.671814982577439,"single_case",1,0,0,1,FALSE,2.54166666666669,34.5416666666666,12,52.3001699847761,104.319999694824,56,5,0.01,FALSE
259,"single_case",0,1.51483910150195,"single_case",1,0,0,1,TRUE,2.87500000000003,30.8749999999999,4,0,20.2299995422363,NA,NA,0.01,FALSE
260,"single_case",0,0.287321694866406,"single_case",1,0,0,1,FALSE,-0.374999999999972,30.7916666666666,27,20.6835401908504,71.629997253418,30,11,0.01,FALSE
261,"nonspatial_sub",0.360358512065978,0.586318833536428,"extinct",4,0,4,1,FALSE,1.29166666666669,31.7083333333333,13,37,173.600006103516,53,15,0.04,FALSE
262,"single_case",0,1.06936093836993,"single_case",1,0,0,1,FALSE,0.208333333333361,32.2916666666666,16,9.24993885182177,30.9599990844727,46,29,0.01,FALSE
263,"single_case",0,0.487114399147947,"single_case",1,0,0,1,FALSE,-0.958333333333305,29.6249999999999,29,33.3481196810424,137.850006103516,32,10,0.01,FALSE
264,"nonspatial_sub",0.98249837408896,0.94316473869165,"extinct",7,0,3,4,TRUE,0.708333333333361,34.2083333333333,16,0,7.28999996185303,NA,NA,0.07,FALSE
265,"single_case",0,0.826497629877919,"single_case",1,0,0,1,FALSE,2.87500000000003,34.1249999999999,12,74.5744409762582,205.529998779297,59,5,0.01,FALSE
266,"single_case",0,0.969811301413585,"single_case",1,0,0,1,FALSE,1.04166666666669,34.2916666666666,16,9.24847133597922,37.8800010681152,43,29,0.01,FALSE
267,"nonspatial_sub",0.274687056426769,2.59141332319588,"extinct",1,0,1,1,FALSE,3.79166666666669,31.2916666666666,4,37,107.629997253418,49,20,0.01,FALSE
268,"single_case",0,1.73822900906989,"single_case",1,0,0,1,FALSE,-0.124999999999972,31.6249999999999,26,13.0814598861648,53,33,8,0.01,FALSE
269,"nonspatial_sub",0.0567894523480013,0.735349960999933,"extinct",1,0,1,1,TRUE,0.625000000000028,33.6249999999999,16,0,6.32999992370605,NA,NA,0.01,FALSE
270,"nonspatial_sub",0.062537813475723,0.596376022618324,"extinct",1,0,1,1,FALSE,-1.12499999999997,30.2083333333333,29,13.0802147232632,54.4300003051758,30,10,0.01,FALSE
271,"single_case",0,1.12083295574947,"single_case",1,0,0,1,FALSE,3.70833333333336,31.8749999999999,1,9.23063255232966,71.2900009155273,30,20,0.01,FALSE
272,"nonspatial_sub",0.119307964192059,0.377642256104272,"extinct",1,0,1,1,FALSE,1.95833333333336,33.5416666666666,11,9.24459746704584,36.4599990844727,41,26,0.01,FALSE
273,"single_case",0,1.24703363175833,"single_case",1,0,0,1,FALSE,3.04166666666669,31.2916666666666,4,27.7109061028657,75.6900024414062,52,23,0.01,FALSE
274,"single_case",0,1.20436903945919,"single_case",1,0,0,1,FALSE,0.125000000000028,31.2083333333333,22,38.1387216979454,121.690002441406,37,7,0.01,FALSE
275,"nonspatial_sub",0.159373853826003,2.66278767989119,"extinct",1,0,1,1,TRUE,3.37500000000003,31.0416666666666,4,0,23.0499992370605,NA,NA,0.01,FALSE
276,"single_case",0,0.908269478132511,"single_case",1,0,0,1,FALSE,0.458333333333361,33.5416666666666,16,9.24970404407152,38.5099983215332,53,39,0.01,FALSE
277,"single_case",0,0.90055109930793,"single_case",1,0,0,1,FALSE,0.625000000000028,30.5416666666666,20,20.6826443397366,53.4500007629395,29,8,0.01,FALSE
278,"single_case",0,0.221335083146135,"single_case",1,0,0,1,FALSE,0.375000000000028,30.4583333333333,20,26.1626707219677,60.1199989318848,42,10,0.01,FALSE
279,"single_case",0,0.951182443161492,"single_case",1,0,0,1,FALSE,0.125000000000028,30.6249999999999,23,56.2654231221984,148.440002441406,57,14,0.01,FALSE
280,"single_case",0,0.935175658385851,"single_case",1,0,0,1,TRUE,0.625000000000028,34.2083333333333,16,0,12.2700004577637,NA,NA,0.01,FALSE
281,"single_case",0,1.6286962426992,"single_case",1,0,0,1,TRUE,3.29166666666669,30.9583333333333,4,0,19.9200000762939,NA,NA,0.01,FALSE
282,"single_case",0,1.13209066945554,"single_case",1,0,0,1,FALSE,3.20833333333336,31.4583333333333,1,20.6576978205174,63.439998626709,43,21,0.01,FALSE
283,"single_case",0,1.52491587753138,"single_case",1,0,0,1,FALSE,1.62500000000003,33.7916666666666,11,13.0788452722716,39.0299987792969,44,23,0.01,FALSE
284,"nonspatial_sub",0.29238458178335,0.405086220317321,"extinct",1,0,1,1,FALSE,0.958333333333361,34.3749999999999,16,9.24870613329942,51.7000007629395,42,28,0.01,FALSE
285,"single_case",0,0.518352036482401,"single_case",1,0,0,1,FALSE,1.37500000000003,31.9583333333333,13,33.3483947160465,124.949996948242,40,15,0.01,FALSE
286,"single_case",0,0.982979607676407,"single_case",1,0,0,1,FALSE,0.708333333333361,32.4583333333333,16,13.0809756326708,49.9099998474121,53,29,0.01,FALSE
287,"single_case",0,0.507775879370911,"single_case",1,0,0,1,TRUE,0.375000000000028,32.5416666666666,16,0,0.0599999986588955,NA,NA,0.01,FALSE
288,"single_case",0,1.13185613576116,"single_case",1,0,0,1,FALSE,0.291666666666695,30.8749999999999,22,49.8122180754346,153.190002441406,43,7,0.01,FALSE
289,"single_case",0,2.16309348865155,"single_case",1,0,0,1,FALSE,-0.124999999999972,31.1249999999999,26,53.9362106458487,145.779998779297,45,8,0.01,FALSE
290,"single_case",0,0.970311223230688,"single_case",1,0,0,1,FALSE,-0.458333333333305,31.7083333333333,26,9.24999999999997,30.1900005340576,28,8,0.01,FALSE
291,"nonspatial_sub",0.670739047108161,1.27396281799015,"extinct",3,0,3,1,FALSE,1.95833333333336,34.6249999999999,12,49.7876948471468,192.339996337891,43,5,0.03,FALSE
292,"nonspatial_sub",0.178081627808597,1.44446236997764,"extinct",1,0,1,1,FALSE,3.12500000000003,34.1249999999999,3,59.1945442039484,158.899993896484,44,6,0.01,FALSE
293,"single_case",0,0.792659533244264,"single_case",1,0,0,1,FALSE,-0.874999999999972,31.2083333333333,28,20.6816992950758,58.7599983215332,29,7,0.01,FALSE
294,"single_case",0,0.707611093451119,"single_case",1,0,0,1,TRUE,0.958333333333361,30.8749999999999,17,0,15.2700004577637,NA,NA,0.01,FALSE
295,"single_case",0,1.6266208105429,"single_case",1,0,0,1,FALSE,2.04166666666669,32.9583333333333,9,9.25000000000002,34.3400001525879,34,13,0.01,FALSE
296,"single_case",0,1.0163915597678,"single_case",1,0,0,1,FALSE,3.20833333333336,33.7916666666666,3,37,148.740005493164,45,6,0.01,FALSE
297,"nonspatial_sub",0.0788168443400479,1.65337861437362,"extinct",1,0,1,1,FALSE,1.70833333333336,32.7916666666666,9,46.25,173.779998779297,50,13,0.01,FALSE
298,"single_case",0,0.831926104550567,"single_case",1,0,0,1,FALSE,3.62500000000003,34.1249999999999,3,29.1984015963437,71.2300033569336,32,6,0.01,FALSE
299,"single_case",0,0.54388697490471,"single_case",1,0,0,1,TRUE,1.04166666666669,34.1249999999999,16,0,12.039999961853,NA,NA,0.01,FALSE
300,"single_case",0,1.61099093215416,"single_case",1,0,0,1,TRUE,0.541666666666695,34.0416666666666,16,0,16.9699993133545,NA,NA,0.01,FALSE
301,"single_case",0,1.09636719776548,"single_case",1,0,0,1,FALSE,2.29166666666669,31.2916666666666,10,27.7278061460304,124.319999694824,27,1,0.01,FALSE
302,"single_case",0,0.930357438871355,"single_case",1,0,0,1,FALSE,2.37500000000003,33.2083333333333,9,27.7261629356388,74.120002746582,45,15,0.01,FALSE
303,"single_case",0,0.573294612484802,"single_case",1,0,0,1,FALSE,2.54166666666669,34.6249999999999,12,59.1933772218821,96.9100036621094,47,5,0.01,FALSE
304,"single_case",0,0.550121784822184,"single_case",1,0,0,1,FALSE,1.62500000000003,32.9583333333333,9,55.5,162.039993286133,49,13,0.01,FALSE
305,"nonspatial_sub",0.621607999705924,1.15194594413975,"extinct",1,0,1,1,FALSE,1.79166666666669,33.7916666666666,11,9.24547784430834,55.1100006103516,43,25,0.01,FALSE
306,"nonspatial_sub",0.417519327713408,0.989306415782116,"extinct",1,0,1,1,FALSE,3.62500000000003,34.0416666666666,3,20.650528976613,53.3699989318848,28,6,0.01,FALSE
307,"single_case",0,0.129792307790042,"single_case",1,0,0,1,FALSE,0.625000000000028,30.5416666666666,20,20.6826443397366,53.4500007629395,29,8,0.01,FALSE
308,"single_case",0,2.04815107885113,"single_case",1,0,0,1,FALSE,1.20833333333336,32.5416666666666,16,64.75,149.889999389648,80,29,0.01,FALSE
309,"single_case",0,0.33148338477784,"single_case",1,0,0,1,TRUE,1.04166666666669,34.3749999999999,16,0,16.7700004577637,NA,NA,0.01,FALSE
310,"single_case",0,0.909323821056333,"single_case",1,0,0,1,FALSE,-0.541666666666639,30.9583333333333,27,27.748759922826,71.0899963378906,42,11,0.01,FALSE
311,"single_case",0,2.45595262039832,"single_case",1,0,0,1,FALSE,1.12500000000003,30.2916666666666,20,46.25,172.960006713867,41,8,0.01,FALSE
312,"spatial",1.20303036648424,0.521868809440341,"extinct",5,0,3,3,FALSE,2.20833333333336,34.9583333333333,12,83.1881721031977,172.860000610352,63,5,0.05,FALSE
313,"single_case",0,1.59243882538514,"single_case",1,0,0,1,FALSE,-0.458333333333305,31.3749999999999,26,20.6830993715085,63.6399993896484,30,8,0.01,FALSE
314,"single_case",0,1.65893457471165,"single_case",1,0,0,1,FALSE,-1.04166666666664,30.2916666666666,29,26.1607891358374,90.870002746582,37,10,0.01,FALSE
315,"single_case",0,1.49672737151413,"single_case",1,0,0,1,FALSE,3.79166666666669,31.2916666666666,4,37,107.629997253418,49,20,0.01,FALSE
316,"single_case",0.0398373710676872,1.40225412726032,"single_case",1,0,0,1,FALSE,2.95833333333336,31.8749999999999,7,33.3205850785606,127.300003051758,37,11,0.01,FALSE
317,"single_case",0,0.921663631403325,"single_case",1,0,0,1,FALSE,2.20833333333336,34.8749999999999,12,73.9450418695088,242.820007324219,63,5,0.01,FALSE
318,"single_case",0,0.430975721091544,"single_case",1,0,0,1,FALSE,1.12500000000003,30.7083333333333,17,20.6804392803123,101.389999389648,21,4,0.01,FALSE
319,"nonspatial_sub",0.333140852599993,1.88373155025174,"extinct",2,0,2,1,FALSE,3.29166666666669,33.0416666666666,5,9.23473915022696,32,34,11,0.02,FALSE
320,"spatial",1.52205511104366,0.390925464429764,"extinct",1,0,1,1,FALSE,1.04166666666669,31.5416666666666,22,47.1656307288733,139.710006713867,45,7,0.01,FALSE
321,"single_case",0,1.97499424399352,"single_case",1,0,0,1,FALSE,3.20833333333336,31.5416666666666,1,13.0712277468856,44.7099990844727,47,21,0.01,FALSE
322,"single_case",0,1.74832177081263,"single_case",1,0,0,1,FALSE,-0.374999999999972,31.4583333333333,26,9.24980188039306,40.060001373291,32,8,0.01,FALSE
323,"single_case",0,1.04738030341364,"single_case",1,0,0,1,FALSE,-0.374999999999972,31.0416666666666,27,41.3665487710106,87.9700012207031,39,11,0.01,FALSE
324,"single_case",0,0.235076757262981,"single_case",1,0,0,1,FALSE,-1.12499999999997,30.3749999999999,29,29.2459938258227,83.9700012207031,28,10,0.01,FALSE
325,"single_case",0,0.19448901484188,"single_case",1,0,0,1,FALSE,3.04166666666669,32.2916666666666,7,18.5,74.3899993896484,36,11,0.01,FALSE
326,"nonspatial_sub",0.715363664791924,0.486794626926027,"extinct",3,0,2,2,FALSE,3.37500000000003,34.2083333333333,3,49.7383051390236,138.399993896484,41,6,0.03,FALSE
327,"single_case",0,1.38575168820322,"single_case",1,0,0,1,TRUE,3.37500000000003,31.0416666666666,4,0,23.0499992370605,NA,NA,0.01,FALSE
328,"nonspatial_sub",0.110467248541953,1.47755861585677,"extinct",1,0,1,1,FALSE,2.29166666666669,33.2916666666666,11,27.7278061460304,82.3600006103516,50,18,0.01,FALSE
329,"nonspatial_sub",0.722571703584841,1.28452346691506,"extinct",1,0,1,1,FALSE,0.208333333333361,31.4583333333333,22,33.3512814603849,155.539993286133,35,7,0.01,FALSE
330,"nonspatial_sub",0.105369184971271,0.545659956834426,"extinct",1,0,1,1,FALSE,0.708333333333361,31.8749999999999,22,41.3647286470048,115.800003051758,37,7,0.01,FALSE
331,"nonspatial_sub",0.174113164965862,0.529955803644607,"extinct",1,0,1,1,FALSE,0.0416666666666954,31.2083333333333,22,47.165930021047,117.349998474121,46,7,0.01,FALSE
332,"single_case",0,1.48219692876808,"single_case",1,0,0,1,FALSE,3.70833333333336,31.6249999999999,1,9.23063255233005,37.3800010681152,33,20,0.01,FALSE
333,"single_case",0,1.16890801865525,"single_case",1,0,0,1,FALSE,-0.458333333333305,31.7083333333333,26,9.24999999999997,30.1900005340576,28,8,0.01,FALSE
334,"single_case",0,0.394476248462873,"single_case",1,0,0,1,FALSE,1.45833333333336,33.4583333333333,11,20.6822890678214,58.2299995422363,35,16,0.01,FALSE
335,"single_case",0,0.536380532709636,"single_case",1,0,0,1,FALSE,1.04166666666669,31.2916666666666,17,46.2423566798989,131.820007324219,49,4,0.01,FALSE
336,"single_case",0,0.620648879873992,"single_case",1,0,0,1,FALSE,0.0416666666666954,31.9583333333333,26,39.2444211672533,102.180000305176,46,8,0.01,FALSE
337,"single_case",0,0.75374872740306,"single_case",1,0,0,1,FALSE,1.29166666666669,32.8749999999999,19,46.2457695538615,171.059997558594,47,16,0.01,FALSE
338,"single_case",0,1.42348171325899,"single_case",1,0,0,1,FALSE,1.37500000000003,32.9583333333333,19,49.810796321051,150.419998168945,44,16,0.01,FALSE
339,"spatial",1.24740866312213,1.04385817056231,"extinct",3,0,3,1,FALSE,3.12500000000003,33.8749999999999,3,47.163234862757,171.229995727539,44,6,0.03,FALSE
340,"single_case",0,0.39108728904552,"single_case",1,0,0,1,FALSE,1.95833333333336,33.2916666666666,11,29.2356929274705,65.7300033569336,47,26,0.01,FALSE
341,"single_case",0,0.336986468998274,"single_case",1,0,0,1,FALSE,0.625000000000028,32.9583333333333,16,9.24944967125165,43.2299995422363,60,41,0.01,FALSE
342,"single_case",0,0.788001019989176,"single_case",1,0,0,1,FALSE,1.95833333333336,32.6249999999999,9,26.1553116844522,79.1699981689453,44,13,0.01,FALSE
343,"nonspatial_sub",0.211792728467608,1.24142751293447,"extinct",1,0,1,1,FALSE,0.708333333333361,31.8749999999999,22,41.3647286470048,115.800003051758,37,7,0.01,FALSE
344,"single_case",0,1.28442483789524,"single_case",1,0,0,1,FALSE,1.62500000000003,34.9583333333333,16,87.2390904009556,142.649993896484,68,23,0.01,FALSE
345,"single_case",0,0.394703100223869,"single_case",1,0,0,1,FALSE,0.375000000000028,32.2916666666666,16,9.24980188039267,33.439998626709,47,31,0.01,FALSE
346,"single_case",0,1.05063244441762,"single_case",1,0,0,1,FALSE,-1.37499999999997,29.8749999999999,29,9.24733651027726,57.5699996948242,22,10,0.01,FALSE
347,"nonspatial_sub",0.810813324826592,0.447522538493046,"extinct",2,0,2,1,TRUE,3.37500000000003,31.2083333333333,4,0,21.4599990844727,NA,NA,0.02,FALSE
348,"single_case",0,1.06383977135294,"single_case",1,0,0,1,TRUE,0.541666666666695,33.2083333333333,16,0,10.6800003051758,NA,NA,0.01,FALSE
349,"nonspatial_sub",0.211517814471981,1.07845517043176,"extinct",1,0,1,1,FALSE,-0.0416666666666385,31.8749999999999,26,26.1629474448353,108.150001525879,39,8,0.01,FALSE
350,"single_case",0.0452475076449198,0.940098746685024,"single_case",1,0,0,1,TRUE,0.375000000000028,32.6249999999999,16,0,0.189999997615814,NA,NA,0.01,FALSE
351,"single_case",0,0.377701359511047,"single_case",1,0,0,1,FALSE,-1.12499999999997,30.2083333333333,29,13.0802147232632,54.4300003051758,30,10,0.01,FALSE
352,"single_case",0,0.977495478538216,"single_case",1,0,0,1,FALSE,2.29166666666669,34.8749999999999,12,74.5171579458923,239.279998779297,56,5,0.01,FALSE
353,"single_case",0,0.870276651809232,"single_case",1,0,0,1,FALSE,-0.0416666666666385,31.1249999999999,22,58.5021351661735,146.789993286133,46,7,0.01,FALSE
354,"single_case",0,0.578002267508455,"single_case",1,0,0,1,FALSE,1.54166666666669,33.4583333333333,11,13.0791080776607,45.5999984741211,41,16,0.01,FALSE
355,"nonspatial_sub",0.108332330675692,1.12804492553926,"extinct",1,0,1,1,FALSE,3.62500000000003,32.2083333333333,1,18.462985863991,106.769996643066,39,18,0.01,FALSE
356,"single_case",0,0.93326194857551,"single_case",1,0,0,1,FALSE,1.70833333333336,32.9583333333333,9,46.25,162.279998779297,49,13,0.01,FALSE
357,"single_case",0,0.829714889138674,"single_case",1,0,0,1,FALSE,3.12500000000003,34.0416666666666,3,53.9150860564663,183.270004272461,42,6,0.01,FALSE
358,"nonspatial_sub",0.0812522603331298,0.447651200657691,"extinct",1,0,1,1,TRUE,0.458333333333361,32.3749999999999,16,0,23.8600006103516,NA,NA,0.01,FALSE
359,"single_case",0,0.503580692836013,"single_case",1,0,0,1,FALSE,-0.958333333333305,31.7083333333333,26,64.75,135.410003662109,40,8,0.01,FALSE
360,"single_case",0,0.57742794217432,"single_case",1,0,0,1,FALSE,1.87500000000003,32.7916666666666,9,27.75,98.120002746582,43,13,0.01,FALSE
361,"single_case",0,1.07605058003869,"single_case",1,0,0,1,FALSE,3.04166666666669,33.7916666666666,8,53.8804442220055,197.710006713867,46,8,0.01,FALSE
362,"single_case",0,1.15356584783179,"single_case",1,0,0,1,FALSE,2.70833333333336,30.7916666666666,4,9.24999999999997,68.0599975585938,27,14,0.01,FALSE
363,"single_case",0,1.11522601235675,"single_case",1,0,0,1,FALSE,2.70833333333336,30.9583333333333,4,18.5,59.4300003051758,39,15,0.01,FALSE
364,"nonspatial_sub",0.167776676629468,1.93937937672078,"extinct",1,0,1,1,FALSE,0.958333333333361,33.6249999999999,16,27.75,66.4000015258789,61,34,0.01,FALSE
365,"single_case",0,0.370039438599341,"single_case",1,0,0,1,FALSE,-0.791666666666638,30.0416666666666,29,41.3664678645554,123.620002746582,41,10,0.01,FALSE
366,"single_case",0,0.806839296277455,"single_case",1,0,0,1,FALSE,1.12500000000003,32.4583333333333,16,56.2652603051535,103.400001525879,70,29,0.01,FALSE
367,"single_case",0,0.79943734900257,"single_case",1,0,0,1,TRUE,3.29166666666669,31.7083333333333,1,0,21.5799999237061,NA,NA,0.01,FALSE
368,"nonspatial_sub",0.20037868952181,1.72090416993555,"extinct",1,0,1,1,FALSE,1.12500000000003,33.6249999999999,16,38.1318079207739,112.330001831055,55,28,0.01,FALSE
369,"single_case",0,0.585115863797049,"single_case",1,0,0,1,FALSE,0.291666666666695,31.6249999999999,22,29.2510304567853,95.1399993896484,32,7,0.01,FALSE
370,"single_case",0,0.676563970136882,"single_case",1,0,0,1,TRUE,2.95833333333336,30.8749999999999,4,0,16.9099998474121,NA,NA,0.01,FALSE
371,"single_case",0,1.34383973836754,"single_case",1,0,0,1,FALSE,3.37500000000003,33.0416666666666,5,9.23395689420888,40.4199981689453,33,10,0.01,FALSE
372,"single_case",0,1.15661729942871,"single_case",1,0,0,1,FALSE,-0.124999999999972,31.0416666666666,27,59.2288441897471,146.779998779297,48,11,0.01,FALSE
373,"nonspatial_sub",0.249573386412929,1.62697894460869,"extinct",2,0,2,1,FALSE,1.79166666666669,34.7916666666666,12,74.5484015114384,354.040008544922,55,5,0.02,FALSE
374,"single_case",0,0.353055827353261,"single_case",1,0,0,1,FALSE,2.62500000000003,32.6249999999999,7,29.2234454850935,82.2600021362305,33,11,0.01,FALSE
375,"nonspatial_sub",0.224053710104743,0.978777346600957,"extinct",1,0,1,1,FALSE,0.708333333333361,31.9583333333333,22,49.8094929462554,95.120002746582,42,7,0.01,FALSE
376,"spatial",2.90568640269833,0.4694564845252,"extinct",3,2,3,1,FALSE,3.20833333333336,31.7916666666666,1,9.24999999999997,40.5999984741211,40,20,0.03,FALSE
377,"single_case",0,1.6651243677673,"single_case",1,0,0,1,FALSE,-0.541666666666639,31.0416666666666,28,27.7499999999999,79.0299987792969,45,7,0.01,FALSE
378,"single_case",0,0.44981576458677,"single_case",1,0,0,1,FALSE,2.79166666666669,32.0416666666666,7,9.23902239311401,57.439998626709,33,11,0.01,FALSE
379,"single_case",0,0.752705073558929,"single_case",1,0,0,1,TRUE,0.208333333333361,30.1249999999999,23,0,16.2199993133545,NA,NA,0.01,FALSE
380,"nonspatial_sub",0.0568595658011192,1.14742709288497,"extinct",1,0,1,1,FALSE,-1.2083333333333,29.7083333333333,29,18.4958860985507,75.4700012207031,32,10,0.01,FALSE
381,"single_case",0,0.265499392527813,"single_case",1,0,0,1,FALSE,1.29166666666669,31.9583333333333,13,41.3651555008903,136.860000610352,43,15,0.01,FALSE
382,"single_case",0,1.07313671147998,"single_case",1,0,0,1,FALSE,1.12500000000003,33.2916666666666,19,18.5,66.7799987792969,51,21,0.01,FALSE
383,"single_case",0,0.689972416137547,"single_case",1,0,0,1,FALSE,3.20833333333336,30.8749999999999,4,9.23550187109285,32.0699996948242,37,26,0.01,FALSE
384,"single_case",0,0.803847721937652,"single_case",1,0,0,1,TRUE,0.625000000000028,34.2916666666666,16,0,9.3100004196167,NA,NA,0.01,FALSE
385,"single_case",0,0.916306199938505,"single_case",1,0,0,1,TRUE,3.29166666666669,31.7083333333333,1,0,21.5799999237061,NA,NA,0.01,FALSE
386,"nonspatial_sub",0.182361925451227,0.445000532546454,"extinct",1,0,1,1,FALSE,2.95833333333336,34.0416666666666,3,70.4313416738428,163.550003051758,50,6,0.01,FALSE
387,"single_case",0,1.00523190075836,"single_case",1,0,0,1,FALSE,0.875000000000028,33.1249999999999,19,9.24892136592089,33.0699996948242,50,26,0.01,FALSE
388,"nonspatial_sub",0.456085507500755,1.94864982747755,"extinct",1,0,1,1,FALSE,2.04166666666669,31.5416666666666,13,39.2319718213786,100.980003356934,50,17,0.01,FALSE
389,"single_case",0,0.283601777420247,"single_case",1,0,0,1,FALSE,-0.624999999999972,30.7916666666666,27,9.24944967125125,37.2799987792969,31,11,0.01,FALSE
390,"single_case",0,1.4010232731817,"single_case",1,0,0,1,FALSE,1.04166666666669,32.6249999999999,16,47.1656307288732,139.740005493164,66,29,0.01,FALSE
391,"spatial",2.11733434833199,1.2859828883393,"hub_established",596,540,13,225,FALSE,1.54166666666669,32.2083333333333,13,26.1582161553221,93.7699966430664,47,16,NA,TRUE
392,"single_case",0,0.485523643528117,"single_case",1,0,0,1,FALSE,-0.874999999999972,31.1249999999999,28,13.0807127647152,46.2599983215332,33,7,0.01,FALSE
393,"single_case",0,1.04159493118505,"single_case",1,0,0,1,FALSE,1.70833333333336,33.0416666666666,9,47.1651243800945,143.389999389648,45,13,0.01,FALSE
394,"single_case",0,1.6331530817884,"single_case",1,0,0,1,FALSE,1.62500000000003,34.8749999999999,16,79.5503204842418,189.75,70,23,0.01,FALSE
395,"nonspatial_sub",0.333622044692062,1.01355623143814,"extinct",1,0,1,1,TRUE,2.29166666666669,32.9583333333333,9,0,11.6099996566772,NA,NA,0.01,FALSE
396,"single_case",0,0.761952414690232,"single_case",1,0,0,1,FALSE,1.45833333333336,31.8749999999999,13,20.6822890678216,89.379997253418,34,15,0.01,FALSE
397,"spatial",1.32711583942276,0.832473404599384,"extinct",1,0,1,1,FALSE,-1.12499999999997,30.0416666666666,29,9.24999999999997,35.8899993896484,30,10,0.01,FALSE
398,"single_case",0.0416922738287303,0.388474063805612,"single_case",1,0,0,1,FALSE,0.625000000000028,31.9583333333333,22,47.1632322951398,101.080001831055,46,7,0.01,FALSE
399,"single_case",0,1.0971694446431,"single_case",1,0,0,1,FALSE,0.875000000000028,33.5416666666666,16,18.5,55.8600006103516,54,33,0.01,FALSE
400,"single_case",0,2.34958590072571,"single_case",1,0,0,1,TRUE,3.45833333333336,31.2916666666666,4,0,24.0300006866455,NA,NA,0.01,FALSE
401,"single_case",0,0.340440992789714,"single_case",1,0,0,1,TRUE,0.875000000000028,33.2083333333333,19,0,21.7600002288818,NA,NA,0.01,FALSE
402,"single_case",0,1.07064301132173,"single_case",1,0,0,1,FALSE,1.87500000000003,34.7916666666666,12,70.4140376695599,278.25,53,5,0.01,FALSE
403,"single_case",0,1.95591032373864,"single_case",1,0,0,1,FALSE,3.54166666666669,30.8749999999999,4,9.23233378337659,41.189998626709,27,16,0.01,FALSE
404,"single_case",0,0.950344547874928,"single_case",1,0,0,1,FALSE,-0.541666666666639,31.7916666666666,26,18.5,75.7399978637695,28,8,0.01,FALSE
405,"spatial",1.70174641404608,1.69839583757643,"hub_established",2702,637,22,725,FALSE,1.37500000000003,31.0416666666666,14,39.2387766477088,175.660003662109,39,6,NA,TRUE
406,"single_case",0,2.27723825397306,"single_case",1,0,0,1,FALSE,-0.874999999999972,29.7916666666666,29,29.2507272804111,109.089996337891,36,10,0.01,FALSE
407,"nonspatial_sub",0.130988596351222,0.917134312203874,"extinct",1,0,1,1,FALSE,-1.04166666666664,30.2083333333333,29,20.6829451977333,64.3000030517578,30,10,0.01,FALSE
408,"single_case",0,1.81065558727523,"single_case",1,0,0,1,FALSE,1.70833333333336,33.2083333333333,11,36.9835547863696,99.1399993896484,51,19,0.01,FALSE
409,"single_case",0,1.01584606436503,"single_case",1,0,0,1,FALSE,-0.0416666666666385,31.0416666666666,22,62.0508830940605,157.649993896484,47,7,0.01,FALSE
410,"single_case",0,1.10501706529208,"single_case",1,0,0,1,TRUE,0.541666666666695,33.4583333333333,16,0,13.6400003433228,NA,NA,0.01,FALSE
411,"single_case",0,0.148400630200782,"single_case",1,0,0,1,FALSE,1.04166666666669,31.7916666666666,22,59.2250795933531,182,45,7,0.01,FALSE
412,"single_case",0,0.467047551415409,"single_case",1,0,0,1,TRUE,-0.291666666666639,31.7083333333333,26,0,11.039999961853,NA,NA,0.01,FALSE
413,"single_case",0,0.109594047156595,"single_case",1,0,0,1,FALSE,-0.374999999999972,30.1249999999999,25,18.5,68.379997253418,41,8,0.01,FALSE
414,"nonspatial_sub",0.215307055010281,0.962237509602503,"extinct",1,0,1,1,FALSE,1.54166666666669,32.6249999999999,13,65.3955403883055,223.699996948242,57,11,0.01,FALSE
415,"single_case",0,1.17391709116029,"single_case",1,0,0,1,FALSE,-0.124999999999972,31.7916666666666,26,13.0814598861645,57.3300018310547,32,8,0.01,FALSE
416,"single_case",0,0.255309685336695,"single_case",1,0,0,1,FALSE,3.20833333333336,33.6249999999999,3,38.1352133180209,200.240005493164,36,6,0.01,FALSE
417,"single_case",0,1.15468436158583,"single_case",1,0,0,1,FALSE,2.37500000000003,32.4583333333333,7,33.3425369702865,71.2699966430664,37,11,0.01,FALSE
418,"nonspatial_sub",0.0792399002326656,2.20865894095819,"extinct",1,0,1,1,FALSE,0.791666666666694,32.2916666666666,16,33.3491453125251,96.9300003051758,55,29,0.01,FALSE
419,"single_case",0,1.90508894114864,"single_case",1,0,0,1,FALSE,0.875000000000028,33.4583333333333,19,18.4978427318418,46.2000007629395,55,29,0.01,FALSE
420,"single_case",0,0.934746028988406,"single_case",1,0,0,1,FALSE,1.70833333333336,34.0416666666666,15,29.2497685083108,102.620002746582,44,17,0.01,FALSE
421,"single_case",0,0.760456621019373,"single_case",1,0,0,1,TRUE,-0.0416666666666385,29.7916666666666,23,0,19.2999992370605,NA,NA,0.01,FALSE
422,"single_case",0,0.423914024769284,"single_case",1,0,0,1,FALSE,1.62500000000003,33.7083333333333,11,9.24627999013854,44.5800018310547,40,18,0.01,FALSE
423,"nonspatial_sub",0.352279767648266,0.434435589138076,"extinct",1,0,1,1,FALSE,1.20833333333336,31.3749999999999,14,46.25,109.730003356934,53,9,0.01,FALSE
424,"nonspatial_hub",2.55597577239567,0.723539502793252,"extinct",1,1,1,1,TRUE,0.625000000000028,30.2083333333333,20,0,10.1899995803833,NA,NA,0.01,FALSE
425,"single_case",0,0.770450294362811,"single_case",1,0,0,1,FALSE,1.79166666666669,33.3749999999999,11,18.4909556886175,51.8400001525879,46,24,0.01,FALSE
426,"single_case",0,1.22582216599618,"single_case",1,0,0,1,TRUE,1.70833333333336,32.0416666666666,13,0,21.5499992370605,NA,NA,0.01,FALSE
427,"single_case",0,2.79945565754435,"single_case",1,0,0,1,FALSE,0.125000000000028,31.2916666666666,22,37,165.059997558594,46,7,0.01,FALSE
428,"single_case",0,0.92318280811318,"single_case",1,0,0,1,TRUE,0.625000000000028,30.2083333333333,20,0,10.1899995803833,NA,NA,0.01,FALSE
429,"single_case",0,2.13992349257556,"single_case",1,0,0,1,FALSE,1.04166666666669,34.2916666666666,16,9.24847133597922,37.8800010681152,43,29,0.01,FALSE
430,"single_case",0,0.972419091004739,"single_case",1,0,0,1,FALSE,3.04166666666669,33.9583333333333,3,58.4939002215592,159.490005493164,43,6,0.01,FALSE
431,"single_case",0,2.10532053531929,"single_case",1,0,0,1,FALSE,-0.791666666666638,31.5416666666666,26,46.2499999999999,84.4899978637695,52,8,0.01,FALSE
432,"single_case",0,1.10761531224941,"single_case",1,0,0,1,FALSE,0.708333333333361,32.7916666666666,16,18.5,61.3800010681152,66,42,0.01,FALSE
433,"single_case",0,0.840708943967752,"single_case",1,0,0,1,FALSE,1.29166666666669,33.2916666666666,19,37,102.519996643066,57,21,0.01,FALSE
434,"single_case",0,0.931037439554357,"single_case",1,0,0,1,FALSE,1.45833333333336,34.0416666666666,15,9.24700389774586,31.5599994659424,44,17,0.01,FALSE
435,"spatial",5.48832562121922,0.688396965267801,"extinct",2,0,2,1,FALSE,1.37500000000003,32.9583333333333,19,49.810796321051,150.419998168945,44,16,0.02,FALSE
436,"single_case",0,0.157372448755409,"single_case",1,0,0,1,TRUE,3.45833333333336,31.2916666666666,4,0,24.0300006866455,NA,NA,0.01,FALSE
437,"single_case",0,1.08687255122401,"single_case",1,0,0,1,FALSE,0.791666666666694,30.7916666666666,17,9.25000000000002,46.310001373291,31,5,0.01,FALSE
438,"single_case",0,2.07492959071502,"single_case",1,0,0,1,TRUE,2.29166666666669,32.9583333333333,9,0,11.6099996566772,NA,NA,0.01,FALSE
439,"single_case",0,0.35029510471308,"single_case",1,0,0,1,FALSE,3.70833333333336,34.2083333333333,3,36.9225302093194,103.410003662109,42,6,0.01,FALSE
440,"single_case",0,1.04102991396795,"single_case",1,0,0,1,TRUE,1.20833333333336,34.2083333333333,16,0,17.6599998474121,NA,NA,0.01,FALSE
441,"single_case",0,0.779530725708366,"single_case",1,0,0,1,TRUE,3.70833333333336,31.7916666666666,1,0,28.1599998474121,NA,NA,0.01,FALSE
442,"nonspatial_sub",0.0824001940685998,0.693712887230155,"extinct",1,0,1,1,TRUE,0.541666666666695,33.3749999999999,16,0,9.72999954223633,NA,NA,0.01,FALSE
443,"single_case",0,0.449661762105774,"single_case",1,0,0,1,TRUE,3.45833333333336,31.2083333333333,4,0,8.68000030517578,NA,NA,0.01,FALSE
444,"nonspatial_sub",0.537490887913968,0.219887224372677,"extinct",1,0,1,1,FALSE,0.125000000000028,30.4583333333333,23,38.1386416125867,101.809997558594,43,14,0.01,FALSE
445,"single_case",0,0.743868810135856,"single_case",1,0,0,1,FALSE,3.45833333333336,33.9583333333333,3,20.6535012225362,130.619995117188,27,6,0.01,FALSE
446,"single_case",0,0.671533746151211,"single_case",1,0,0,1,FALSE,1.62500000000003,32.7916666666666,9,55.5,186.570007324219,50,13,0.01,FALSE
447,"single_case",0,0.135311858975325,"single_case",1,0,0,1,FALSE,4.12500000000003,33.9583333333333,3,47.1612369790316,273.170013427734,39,6,0.01,FALSE
448,"spatial",1.58764737507256,1.27311499421354,"extinct",2,0,2,1,FALSE,1.54166666666669,34.8749999999999,16,74.5555352556062,160.199996948242,66,23,0.02,FALSE
449,"single_case",0,1.30147299224967,"single_case",1,0,0,1,FALSE,1.04166666666669,31.7083333333333,22,53.9339456972318,146.759994506836,43,7,0.01,FALSE
450,"single_case",0,1.2890526586323,"single_case",1,0,0,1,FALSE,1.20833333333336,33.2916666666666,19,27.75,81.4599990844727,53,21,0.01,FALSE
451,"single_case",0,0.94235967355709,"single_case",1,0,0,1,FALSE,1.12500000000003,30.2916666666666,20,46.25,172.960006713867,41,8,0.01,FALSE
452,"single_case",0,1.78689273504102,"single_case",1,0,0,1,FALSE,0.875000000000028,31.7916666666666,22,46.2465484433998,128.419998168945,40,7,0.01,FALSE
453,"single_case",0,0.435415251777834,"single_case",1,0,0,1,FALSE,-0.708333333333305,30.3749999999999,27,18.4985862705797,52.5099983215332,36,10,0.01,FALSE
454,"single_case",0,1.01213608497693,"single_case",1,0,0,1,FALSE,0.625000000000028,32.2916666666666,16,20.6826443397366,52.6300010681152,48,31,0.01,FALSE
455,"single_case",0,1.52142023770238,"single_case",1,0,0,1,FALSE,-0.708333333333305,31.5416666666666,26,37,67.620002746582,47,8,0.01,FALSE
456,"single_case",0,1.45927058898962,"single_case",1,0,0,1,FALSE,2.20833333333336,32.7083333333333,9,9.24313023368889,41.6500015258789,32,13,0.01,FALSE
457,"single_case",0,0.350546588045936,"single_case",1,0,0,1,FALSE,1.12500000000003,30.2916666666666,20,46.25,172.960006713867,41,8,0.01,FALSE
458,"single_case",0,1.01244322641432,"single_case",1,0,0,1,FALSE,1.04166666666669,33.8749999999999,16,9.24847133598001,42.7000007629395,49,28,0.01,FALSE
459,"nonspatial_sub",0.237221497648984,1.0454529966925,"extinct",1,0,1,1,FALSE,1.45833333333336,31.9583333333333,13,26.1587141186212,80.0199966430664,47,15,0.01,FALSE
460,"nonspatial_sub",0.230897229458674,1.35934844494828,"extinct",1,0,1,1,TRUE,0.708333333333361,34.2916666666666,16,0,25.3099994659424,NA,NA,0.01,FALSE
461,"single_case",0,1.39787309150511,"single_case",1,0,0,1,FALSE,-0.541666666666639,30.7916666666666,27,9.24958664094186,35.4300003051758,32,11,0.01,FALSE
462,"single_case",0,0.0448315368819729,"single_case",1,0,0,1,TRUE,3.45833333333336,31.0416666666666,4,0,15.710000038147,NA,NA,0.01,FALSE
463,"nonspatial_sub",0.208106283841035,1.25704443005352,"extinct",1,0,1,1,FALSE,2.54166666666669,32.0416666666666,7,26.150084992388,86.7900009155273,40,11,0.01,FALSE
464,"single_case",0,1.42951117170841,"single_case",1,0,0,1,FALSE,0.291666666666695,32.1249999999999,16,27.7496404490954,71.4000015258789,56,30,0.01,FALSE
465,"single_case",0,0.593156365354992,"single_case",1,0,0,1,FALSE,1.29166666666669,32.0416666666666,13,46.2457695538617,139.850006103516,46,15,0.01,FALSE
466,"single_case",0,1.37860586173496,"single_case",1,0,0,1,FALSE,2.54166666666669,34.3749999999999,12,41.3591216675248,102.98999786377,38,5,0.01,FALSE
467,"single_case",0,1.01522569964067,"single_case",1,0,0,1,FALSE,-0.291666666666639,31.2083333333333,26,38.1382619496558,102.669998168945,37,8,0.01,FALSE
468,"single_case",0,1.49839312954817,"single_case",1,0,0,1,FALSE,0.708333333333361,31.8749999999999,22,41.3647286470048,115.800003051758,37,7,0.01,FALSE
469,"single_case",0,0.801847409162519,"single_case",1,0,0,1,TRUE,2.04166666666669,33.7083333333333,11,0,15.7700004577637,NA,NA,0.01,FALSE
470,"nonspatial_sub",0.614729137271976,2.16832686325465,"extinct",7,0,4,3,TRUE,0.458333333333361,32.6249999999999,16,0,4.96000003814697,NA,NA,0.07,FALSE
471,"single_case",0,0.879693532061088,"single_case",1,0,0,1,FALSE,-0.208333333333305,31.7916666666666,26,9.24993885182217,32.3300018310547,30,8,0.01,FALSE
472,"single_case",0,0.556857614326929,"single_case",1,0,0,1,TRUE,-0.541666666666639,30.7083333333333,27,0,17.2000007629395,NA,NA,0.01,FALSE
473,"nonspatial_hub",1.60470909134095,1.04848788200385,"extinct",2,2,2,1,TRUE,3.54166666666669,31.7916666666666,1,0,14.5799999237061,NA,NA,0.02,FALSE
474,"nonspatial_sub",0.684662617781642,1.08058403476207,"extinct",1,0,1,1,FALSE,0.375000000000028,30.8749999999999,22,47.164959139844,125.660003662109,46,7,0.01,FALSE
475,"single_case",0,1.1534595231728,"single_case",1,0,0,1,FALSE,3.62500000000003,34.2083333333333,3,38.0669132982408,95.9400024414062,36,6,0.01,FALSE
476,"single_case",0,0.694021085709636,"single_case",1,0,0,1,FALSE,3.62500000000003,33.9583333333333,3,13.0683955309552,42.75,33,6,0.01,FALSE
477,"single_case",0,0.722451544391343,"single_case",1,0,0,1,FALSE,1.95833333333336,33.8749999999999,11,9.24999999999997,52.7799987792969,46,25,0.01,FALSE
478,"nonspatial_sub",0.440543015355317,0.462840718854538,"extinct",2,0,2,1,FALSE,1.29166666666669,32.1249999999999,13,47.1654695980353,221.300003051758,53,16,0.02,FALSE
479,"single_case",0,0.740425769195469,"single_case",1,0,0,1,FALSE,0.875000000000028,30.2916666666666,20,18.5,61.9199981689453,34,8,0.01,FALSE
480,"nonspatial_sub",0.208833767301036,1.06133564363842,"extinct",1,0,1,1,FALSE,-0.374999999999972,30.5416666666666,27,18.5,51.810001373291,35,9,0.01,FALSE
481,"single_case",0,1.2043580667489,"single_case",1,0,0,1,FALSE,3.12500000000003,33.7916666666666,3,46.25,195.720001220703,50,6,0.01,FALSE
482,"single_case",0,0.227910184416527,"single_case",1,0,0,1,FALSE,1.70833333333336,32.9583333333333,9,46.25,162.279998779297,49,13,0.01,FALSE
483,"nonspatial_sub",0.545553511839201,0.774742964642602,"extinct",1,0,1,1,FALSE,1.45833333333336,34.7083333333333,16,53.9234598957028,160.589996337891,59,23,0.01,FALSE
484,"single_case",0,1.67897095310933,"single_case",1,0,0,1,FALSE,2.04166666666669,34.8749999999999,12,74.5292707088818,258.929992675781,56,5,0.01,FALSE
485,"nonspatial_sub",0.155141588345936,0.77455268427334,"extinct",1,0,1,1,FALSE,1.12500000000003,32.4583333333333,16,56.2652603051535,103.400001525879,70,29,0.01,FALSE
486,"single_case",0,1.28490169195546,"single_case",1,0,0,1,FALSE,-0.541666666666639,30.1249999999999,25,37.0000000000001,70.7600021362305,51,8,0.01,FALSE
487,"nonspatial_sub",0.214578292182367,1.48768909945945,"extinct",2,0,2,1,FALSE,1.04166666666669,34.2916666666666,16,9.24847133597922,37.8800010681152,43,29,0.02,FALSE
488,"single_case",0,0.371529765475427,"single_case",1,0,0,1,FALSE,0.458333333333361,33.7083333333333,16,9.24970404407152,31.8500003814697,50,34,0.01,FALSE
489,"single_case",0,0.589587714224025,"single_case",1,0,0,1,FALSE,1.04166666666669,30.2916666666666,20,37,125.5,41,8,0.01,FALSE
490,"single_case",0,1.44208856388251,"single_case",1,0,0,1,FALSE,-1.04166666666664,29.8749999999999,29,9.25000000000007,52.2400016784668,34,10,0.01,FALSE
491,"spatial",1.1183376340631,0.608053320135591,"extinct",1,0,1,1,FALSE,-0.541666666666639,31.1249999999999,28,29.2509376435745,82.3499984741211,35,7,0.01,FALSE
492,"single_case",0,0.572791249104613,"single_case",1,0,0,1,FALSE,0.625000000000028,30.4583333333333,20,13.0810863165492,53.1599998474121,34,8,0.01,FALSE
493,"nonspatial_sub",0.509891613442657,0.310564528898068,"extinct",2,0,2,1,FALSE,-0.291666666666639,30.5416666666666,27,27.75,74.1699981689453,40,9,0.02,FALSE
494,"single_case",0,1.4801656538907,"single_case",1,0,0,1,FALSE,2.12500000000003,33.9583333333333,11,13.0769782243947,62.8400001525879,49,25,0.01,FALSE
495,"single_case",0,1.88837466421526,"single_case",1,0,0,1,FALSE,1.54166666666669,34.4583333333333,16,41.3642632284027,108.769996643066,52,23,0.01,FALSE
496,"single_case",0,0.700099278059369,"single_case",1,0,0,1,TRUE,1.87500000000003,32.0416666666666,13,0,15.6599998474121,NA,NA,0.01,FALSE
497,"nonspatial_sub",0.400615465163389,1.25005819445968,"extinct",1,0,1,1,FALSE,2.54166666666669,31.7916666666666,7,46.2208857599733,103.059997558594,43,11,0.01,FALSE
498,"single_case",0,1.81027365145628,"single_case",1,0,0,1,FALSE,-0.458333333333305,30.8749999999999,27,20.6830993715082,58.2999992370605,30,11,0.01,FALSE
499,"single_case",0,0.719984042339586,"single_case",1,0,0,1,FALSE,0.458333333333361,33.6249999999999,16,9.25000000000002,41.3199996948242,50,36,0.01,FALSE
500,"single_case",0,0.628261891033208,"single_case",1,0,0,1,FALSE,0.625000000000028,30.3749999999999,20,9.24944967125165,46.0299987792969,32,9,0.01,FALSE
